,image,image_duration,label,response,response_time,worker_id,objectnet,response_options
0,278e88f19a254cd.png,10000,racket,racket,4.46,deb1b6a08f0da2fa,True,"['Band-Aid', 'T-shirt', 'backpack', 'banana', 'cleaver', 'clothes iron', 'coffee mug', 'computer mouse', 'digital watch', 'doormat', 'dumbbell', 'envelope', 'hair dryer', 'hammer', 'lampshade', 'lemon', 'lipstick', 'match', 'mobile phone', 'necklace', 'padlock', 'paintbrush', 'paper towel', 'park bench', 'pill bottle', 'pillow', 'plastic bag', 'plunger', 'power drill', 'printer', 'racket', 'ruler', 'safety pin', 'salt shaker', 'sandal', 'screw', 'shovel', 'space heater', 'spatula', 'speaker', 'strainer', 'sunglasses', 'teddy bear', 'television', 'umbrella', 'vase', 'wallet', 'waste container', 'water bottle', 'whistle']"
1,ILSVRC2012_val_00007959.JPEG,17,paintbrush,lampshade,13.242,1e46f95bfec36af9,False,"['Band-Aid', 'T-shirt', 'backpack', 'banana', 'cleaver', 'clothes iron', 'coffee mug', 'computer mouse', 'digital watch', 'doormat', 'dumbbell', 'envelope', 'hair dryer', 'hammer', 'lampshade', 'lemon', 'lipstick', 'match', 'mobile phone', 'necklace', 'padlock', 'paintbrush', 'paper towel', 'park bench', 'pill bottle', 'pillow', 'plastic bag', 'plunger', 'power drill', 'printer', 'racket', 'ruler', 'safety pin', 'salt shaker', 'sandal', 'screw', 'shovel', 'space heater', 'spatula', 'speaker', 'strainer', 'sunglasses', 'teddy bear', 'television', 'umbrella', 'vase', 'wallet', 'waste container', 'water bottle', 'whistle']"
2,ILSVRC2012_val_00004066.JPEG,10000,plastic bag,plastic bag,12.494,4af34a5bbd6e6423,False,"['Band-Aid', 'T-shirt', 'backpack', 'banana', 'cleaver', 'clothes iron', 'coffee mug', 'computer mouse', 'digital watch', 'doormat', 'dumbbell', 'envelope', 'hair dryer', 'hammer', 'lampshade', 'lemon', 'lipstick', 'match', 'mobile phone', 'necklace', 'padlock', 'paintbrush', 'paper towel', 'park bench', 'pill bottle', 'pillow', 'plastic bag', 'plunger', 'power drill', 'printer', 'racket', 'ruler', 'safety pin', 'salt shaker', 'sandal', 'screw', 'shovel', 'space heater', 'spatula', 'speaker', 'strainer', 'sunglasses', 'teddy bear', 'television', 'umbrella', 'vase', 'wallet', 'waste container', 'water bottle', 'whistle']"
3,16894d08d22641d.png,50,T-shirt,cleaver,10.055,5ef8bc40493b3e6d,True,"['Band-Aid', 'T-shirt', 'backpack', 'banana', 'cleaver', 'clothes iron', 'coffee mug', 'computer mouse', 'digital watch', 'doormat', 'dumbbell', 'envelope', 'hair dryer', 'hammer', 'lampshade', 'lemon', 'lipstick', 'match', 'mobile phone', 'necklace', 'padlock', 'paintbrush', 'paper towel', 'park bench', 'pill bottle', 'pillow', 'plastic bag', 'plunger', 'power drill', 'printer', 'racket', 'ruler', 'safety pin', 'salt shaker', 'sandal', 'screw', 'shovel', 'space heater', 'spatula', 'speaker', 'strainer', 'sunglasses', 'teddy bear', 'television', 'umbrella', 'vase', 'wallet', 'waste container', 'water bottle', 'whistle']"
4,fe85d32325b140c.png,17,doormat,park bench,89.679,119709e4d03a143e,True,"['Band-Aid', 'T-shirt', 'backpack', 'banana', 'cleaver', 'clothes iron', 'coffee mug', 'computer mouse', 'digital watch', 'doormat', 'dumbbell', 'envelope', 'hair dryer', 'hammer', 'lampshade', 'lemon', 'lipstick', 'match', 'mobile phone', 'necklace', 'padlock', 'paintbrush', 'paper towel', 'park bench', 'pill bottle', 'pillow', 'plastic bag', 'plunger', 'power drill', 'printer', 'racket', 'ruler', 'safety pin', 'salt shaker', 'sandal', 'screw', 'shovel', 'space heater', 'spatula', 'speaker', 'strainer', 'sunglasses', 'teddy bear', 'television', 'umbrella', 'vase', 'wallet', 'waste container', 'water bottle', 'whistle']"
5,fe85d32325b140c.png,17,doormat,paintbrush,3.034,6932da21a9ed0ac3,True,"['Band-Aid', 'T-shirt', 'backpack', 'banana', 'cleaver', 'clothes iron', 'coffee mug', 'computer mouse', 'digital watch', 'doormat', 'dumbbell', 'envelope', 'hair dryer', 'hammer', 'lampshade', 'lemon', 'lipstick', 'match', 'mobile phone', 'necklace', 'padlock', 'paintbrush', 'paper towel', 'park bench', 'pill bottle', 'pillow', 'plastic bag', 'plunger', 'power drill', 'printer', 'racket', 'ruler', 'safety pin', 'salt shaker', 'sandal', 'screw', 'shovel', 'space heater', 'spatula', 'speaker', 'strainer', 'sunglasses', 'teddy bear', 'television', 'umbrella', 'vase', 'wallet', 'waste container', 'water bottle', 'whistle']"
6,59035bb97e31490.png,17,hair dryer,hair dryer,14.837,f824452edc816c24,True,"['Band-Aid', 'T-shirt', 'backpack', 'banana', 'cleaver', 'clothes iron', 'coffee mug', 'computer mouse', 'digital watch', 'doormat', 'dumbbell', 'envelope', 'hair dryer', 'hammer', 'lampshade', 'lemon', 'lipstick', 'match', 'mobile phone', 'necklace', 'padlock', 'paintbrush', 'paper towel', 'park bench', 'pill bottle', 'pillow', 'plastic bag', 'plunger', 'power drill', 'printer', 'racket', 'ruler', 'safety pin', 'salt shaker', 'sandal', 'screw', 'shovel', 'space heater', 'spatula', 'speaker', 'strainer', 'sunglasses', 'teddy bear', 'television', 'umbrella', 'vase', 'wallet', 'waste container', 'water bottle', 'whistle']"
7,ILSVRC2012_val_00036205.JPEG,50,television,mobile phone,29.826,2a8681f268f61d94,False,"['Band-Aid', 'T-shirt', 'backpack', 'banana', 'cleaver', 'clothes iron', 'coffee mug', 'computer mouse', 'digital watch', 'doormat', 'dumbbell', 'envelope', 'hair dryer', 'hammer', 'lampshade', 'lemon', 'lipstick', 'match', 'mobile phone', 'necklace', 'padlock', 'paintbrush', 'paper towel', 'park bench', 'pill bottle', 'pillow', 'plastic bag', 'plunger', 'power drill', 'printer', 'racket', 'ruler', 'safety pin', 'salt shaker', 'sandal', 'screw', 'shovel', 'space heater', 'spatula', 'speaker', 'strainer', 'sunglasses', 'teddy bear', 'television', 'umbrella', 'vase', 'wallet', 'waste container', 'water bottle', 'whistle']"
8,ILSVRC2012_val_00009455.JPEG,17,clothes iron,paintbrush,75.125,c32a25159224a77f,False,"['Band-Aid', 'T-shirt', 'backpack', 'banana', 'cleaver', 'clothes iron', 'coffee mug', 'computer mouse', 'digital watch', 'doormat', 'dumbbell', 'envelope', 'hair dryer', 'hammer', 'lampshade', 'lemon', 'lipstick', 'match', 'mobile phone', 'necklace', 'padlock', 'paintbrush', 'paper towel', 'park bench', 'pill bottle', 'pillow', 'plastic bag', 'plunger', 'power drill', 'printer', 'racket', 'ruler', 'safety pin', 'salt shaker', 'sandal', 'screw', 'shovel', 'space heater', 'spatula', 'speaker', 'strainer', 'sunglasses', 'teddy bear', 'television', 'umbrella', 'vase', 'wallet', 'waste container', 'water bottle', 'whistle']"
9,ILSVRC2012_val_00015225.JPEG,50,screw,lampshade,3.439,5c5bb0a80ce11bd4,False,"['Band-Aid', 'T-shirt', 'backpack', 'banana', 'cleaver', 'clothes iron', 'coffee mug', 'computer mouse', 'digital watch', 'doormat', 'dumbbell', 'envelope', 'hair dryer', 'hammer', 'lampshade', 'lemon', 'lipstick', 'match', 'mobile phone', 'necklace', 'padlock', 'paintbrush', 'paper towel', 'park bench', 'pill bottle', 'pillow', 'plastic bag', 'plunger', 'power drill', 'printer', 'racket', 'ruler', 'safety pin', 'salt shaker', 'sandal', 'screw', 'shovel', 'space heater', 'spatula', 'speaker', 'strainer', 'sunglasses', 'teddy bear', 'television', 'umbrella', 'vase', 'wallet', 'waste container', 'water bottle', 'whistle']"
10,ca4d03acfd8f4ed.png,50,plunger,doormat,33.694,0fcf5ea965d1bdb0,True,"['Band-Aid', 'T-shirt', 'backpack', 'banana', 'cleaver', 'clothes iron', 'coffee mug', 'computer mouse', 'digital watch', 'doormat', 'dumbbell', 'envelope', 'hair dryer', 'hammer', 'lampshade', 'lemon', 'lipstick', 'match', 'mobile phone', 'necklace', 'padlock', 'paintbrush', 'paper towel', 'park bench', 'pill bottle', 'pillow', 'plastic bag', 'plunger', 'power drill', 'printer', 'racket', 'ruler', 'safety pin', 'salt shaker', 'sandal', 'screw', 'shovel', 'space heater', 'spatula', 'speaker', 'strainer', 'sunglasses', 'teddy bear', 'television', 'umbrella', 'vase', 'wallet', 'waste container', 'water bottle', 'whistle']"
11,ILSVRC2012_val_00038642.JPEG,17,padlock,sunglasses,12.815,bbaf36c8e80e9a6a,False,"['Band-Aid', 'T-shirt', 'backpack', 'banana', 'cleaver', 'clothes iron', 'coffee mug', 'computer mouse', 'digital watch', 'doormat', 'dumbbell', 'envelope', 'hair dryer', 'hammer', 'lampshade', 'lemon', 'lipstick', 'match', 'mobile phone', 'necklace', 'padlock', 'paintbrush', 'paper towel', 'park bench', 'pill bottle', 'pillow', 'plastic bag', 'plunger', 'power drill', 'printer', 'racket', 'ruler', 'safety pin', 'salt shaker', 'sandal', 'screw', 'shovel', 'space heater', 'spatula', 'speaker', 'strainer', 'sunglasses', 'teddy bear', 'television', 'umbrella', 'vase', 'wallet', 'waste container', 'water bottle', 'whistle']"
12,ILSVRC2012_val_00000400.JPEG,150,Band-Aid,lipstick,2.659,c1e6fd162aa52df1,False,"['Band-Aid', 'T-shirt', 'backpack', 'banana', 'cleaver', 'clothes iron', 'coffee mug', 'computer mouse', 'digital watch', 'doormat', 'dumbbell', 'envelope', 'hair dryer', 'hammer', 'lampshade', 'lemon', 'lipstick', 'match', 'mobile phone', 'necklace', 'padlock', 'paintbrush', 'paper towel', 'park bench', 'pill bottle', 'pillow', 'plastic bag', 'plunger', 'power drill', 'printer', 'racket', 'ruler', 'safety pin', 'salt shaker', 'sandal', 'screw', 'shovel', 'space heater', 'spatula', 'speaker', 'strainer', 'sunglasses', 'teddy bear', 'television', 'umbrella', 'vase', 'wallet', 'waste container', 'water bottle', 'whistle']"
13,ILSVRC2012_val_00035328.JPEG,10000,envelope,envelope,31.155,48acb4e40352fda8,False,"['Band-Aid', 'T-shirt', 'backpack', 'banana', 'cleaver', 'clothes iron', 'coffee mug', 'computer mouse', 'digital watch', 'doormat', 'dumbbell', 'envelope', 'hair dryer', 'hammer', 'lampshade', 'lemon', 'lipstick', 'match', 'mobile phone', 'necklace', 'padlock', 'paintbrush', 'paper towel', 'park bench', 'pill bottle', 'pillow', 'plastic bag', 'plunger', 'power drill', 'printer', 'racket', 'ruler', 'safety pin', 'salt shaker', 'sandal', 'screw', 'shovel', 'space heater', 'spatula', 'speaker', 'strainer', 'sunglasses', 'teddy bear', 'television', 'umbrella', 'vase', 'wallet', 'waste container', 'water bottle', 'whistle']"
14,ILSVRC2012_val_00019436.JPEG,10000,digital watch,digital watch,6.842,1c5beb6566130342,False,"['Band-Aid', 'T-shirt', 'backpack', 'banana', 'cleaver', 'clothes iron', 'coffee mug', 'computer mouse', 'digital watch', 'doormat', 'dumbbell', 'envelope', 'hair dryer', 'hammer', 'lampshade', 'lemon', 'lipstick', 'match', 'mobile phone', 'necklace', 'padlock', 'paintbrush', 'paper towel', 'park bench', 'pill bottle', 'pillow', 'plastic bag', 'plunger', 'power drill', 'printer', 'racket', 'ruler', 'safety pin', 'salt shaker', 'sandal', 'screw', 'shovel', 'space heater', 'spatula', 'speaker', 'strainer', 'sunglasses', 'teddy bear', 'television', 'umbrella', 'vase', 'wallet', 'waste container', 'water bottle', 'whistle']"
15,ILSVRC2012_val_00019436.JPEG,10000,digital watch,digital watch,11.927,607a5739bf9fc3c1,False,"['Band-Aid', 'T-shirt', 'backpack', 'banana', 'cleaver', 'clothes iron', 'coffee mug', 'computer mouse', 'digital watch', 'doormat', 'dumbbell', 'envelope', 'hair dryer', 'hammer', 'lampshade', 'lemon', 'lipstick', 'match', 'mobile phone', 'necklace', 'padlock', 'paintbrush', 'paper towel', 'park bench', 'pill bottle', 'pillow', 'plastic bag', 'plunger', 'power drill', 'printer', 'racket', 'ruler', 'safety pin', 'salt shaker', 'sandal', 'screw', 'shovel', 'space heater', 'spatula', 'speaker', 'strainer', 'sunglasses', 'teddy bear', 'television', 'umbrella', 'vase', 'wallet', 'waste container', 'water bottle', 'whistle']"
16,d5b80433c2c94b7.png,150,vase,vase,4.315,4f7f6652bd09d031,True,"['Band-Aid', 'T-shirt', 'backpack', 'banana', 'cleaver', 'clothes iron', 'coffee mug', 'computer mouse', 'digital watch', 'doormat', 'dumbbell', 'envelope', 'hair dryer', 'hammer', 'lampshade', 'lemon', 'lipstick', 'match', 'mobile phone', 'necklace', 'padlock', 'paintbrush', 'paper towel', 'park bench', 'pill bottle', 'pillow', 'plastic bag', 'plunger', 'power drill', 'printer', 'racket', 'ruler', 'safety pin', 'salt shaker', 'sandal', 'screw', 'shovel', 'space heater', 'spatula', 'speaker', 'strainer', 'sunglasses', 'teddy bear', 'television', 'umbrella', 'vase', 'wallet', 'waste container', 'water bottle', 'whistle']"
17,d5b80433c2c94b7.png,150,vase,vase,3.851,969ecac11c41347e,True,"['Band-Aid', 'T-shirt', 'backpack', 'banana', 'cleaver', 'clothes iron', 'coffee mug', 'computer mouse', 'digital watch', 'doormat', 'dumbbell', 'envelope', 'hair dryer', 'hammer', 'lampshade', 'lemon', 'lipstick', 'match', 'mobile phone', 'necklace', 'padlock', 'paintbrush', 'paper towel', 'park bench', 'pill bottle', 'pillow', 'plastic bag', 'plunger', 'power drill', 'printer', 'racket', 'ruler', 'safety pin', 'salt shaker', 'sandal', 'screw', 'shovel', 'space heater', 'spatula', 'speaker', 'strainer', 'sunglasses', 'teddy bear', 'television', 'umbrella', 'vase', 'wallet', 'waste container', 'water bottle', 'whistle']"
18,ILSVRC2012_val_00001287.JPEG,10000,dumbbell,dumbbell,5.23,80bfa64b36dc2d82,False,"['Band-Aid', 'T-shirt', 'backpack', 'banana', 'cleaver', 'clothes iron', 'coffee mug', 'computer mouse', 'digital watch', 'doormat', 'dumbbell', 'envelope', 'hair dryer', 'hammer', 'lampshade', 'lemon', 'lipstick', 'match', 'mobile phone', 'necklace', 'padlock', 'paintbrush', 'paper towel', 'park bench', 'pill bottle', 'pillow', 'plastic bag', 'plunger', 'power drill', 'printer', 'racket', 'ruler', 'safety pin', 'salt shaker', 'sandal', 'screw', 'shovel', 'space heater', 'spatula', 'speaker', 'strainer', 'sunglasses', 'teddy bear', 'television', 'umbrella', 'vase', 'wallet', 'waste container', 'water bottle', 'whistle']"
19,ILSVRC2012_val_00031032.JPEG,10000,shovel,shovel,7.019,f075aa59793e7215,False,"['Band-Aid', 'T-shirt', 'backpack', 'banana', 'cleaver', 'clothes iron', 'coffee mug', 'computer mouse', 'digital watch', 'doormat', 'dumbbell', 'envelope', 'hair dryer', 'hammer', 'lampshade', 'lemon', 'lipstick', 'match', 'mobile phone', 'necklace', 'padlock', 'paintbrush', 'paper towel', 'park bench', 'pill bottle', 'pillow', 'plastic bag', 'plunger', 'power drill', 'printer', 'racket', 'ruler', 'safety pin', 'salt shaker', 'sandal', 'screw', 'shovel', 'space heater', 'spatula', 'speaker', 'strainer', 'sunglasses', 'teddy bear', 'television', 'umbrella', 'vase', 'wallet', 'waste container', 'water bottle', 'whistle']"
20,ILSVRC2012_val_00031702.JPEG,17,padlock,padlock,4.194,091aecc41b24583f,False,"['Band-Aid', 'T-shirt', 'backpack', 'banana', 'cleaver', 'clothes iron', 'coffee mug', 'computer mouse', 'digital watch', 'doormat', 'dumbbell', 'envelope', 'hair dryer', 'hammer', 'lampshade', 'lemon', 'lipstick', 'match', 'mobile phone', 'necklace', 'padlock', 'paintbrush', 'paper towel', 'park bench', 'pill bottle', 'pillow', 'plastic bag', 'plunger', 'power drill', 'printer', 'racket', 'ruler', 'safety pin', 'salt shaker', 'sandal', 'screw', 'shovel', 'space heater', 'spatula', 'speaker', 'strainer', 'sunglasses', 'teddy bear', 'television', 'umbrella', 'vase', 'wallet', 'waste container', 'water bottle', 'whistle']"
21,ILSVRC2012_val_00001287.JPEG,10000,dumbbell,dumbbell,9.921,6bb998d76ec6d853,False,"['Band-Aid', 'T-shirt', 'backpack', 'banana', 'cleaver', 'clothes iron', 'coffee mug', 'computer mouse', 'digital watch', 'doormat', 'dumbbell', 'envelope', 'hair dryer', 'hammer', 'lampshade', 'lemon', 'lipstick', 'match', 'mobile phone', 'necklace', 'padlock', 'paintbrush', 'paper towel', 'park bench', 'pill bottle', 'pillow', 'plastic bag', 'plunger', 'power drill', 'printer', 'racket', 'ruler', 'safety pin', 'salt shaker', 'sandal', 'screw', 'shovel', 'space heater', 'spatula', 'speaker', 'strainer', 'sunglasses', 'teddy bear', 'television', 'umbrella', 'vase', 'wallet', 'waste container', 'water bottle', 'whistle']"
22,ILSVRC2012_val_00033798.JPEG,10000,paper towel,paper towel,15.945,80fc83b66ee97573,False,"['Band-Aid', 'T-shirt', 'backpack', 'banana', 'cleaver', 'clothes iron', 'coffee mug', 'computer mouse', 'digital watch', 'doormat', 'dumbbell', 'envelope', 'hair dryer', 'hammer', 'lampshade', 'lemon', 'lipstick', 'match', 'mobile phone', 'necklace', 'padlock', 'paintbrush', 'paper towel', 'park bench', 'pill bottle', 'pillow', 'plastic bag', 'plunger', 'power drill', 'printer', 'racket', 'ruler', 'safety pin', 'salt shaker', 'sandal', 'screw', 'shovel', 'space heater', 'spatula', 'speaker', 'strainer', 'sunglasses', 'teddy bear', 'television', 'umbrella', 'vase', 'wallet', 'waste container', 'water bottle', 'whistle']"
23,d5b80433c2c94b7.png,150,vase,lampshade,6.639,8cd3ecae9453ed17,True,"['Band-Aid', 'T-shirt', 'backpack', 'banana', 'cleaver', 'clothes iron', 'coffee mug', 'computer mouse', 'digital watch', 'doormat', 'dumbbell', 'envelope', 'hair dryer', 'hammer', 'lampshade', 'lemon', 'lipstick', 'match', 'mobile phone', 'necklace', 'padlock', 'paintbrush', 'paper towel', 'park bench', 'pill bottle', 'pillow', 'plastic bag', 'plunger', 'power drill', 'printer', 'racket', 'ruler', 'safety pin', 'salt shaker', 'sandal', 'screw', 'shovel', 'space heater', 'spatula', 'speaker', 'strainer', 'sunglasses', 'teddy bear', 'television', 'umbrella', 'vase', 'wallet', 'waste container', 'water bottle', 'whistle']"
24,ILSVRC2012_val_00015569.JPEG,150,sandal,sandal,5.955,d5e7b2484777ecb4,False,"['Band-Aid', 'T-shirt', 'backpack', 'banana', 'cleaver', 'clothes iron', 'coffee mug', 'computer mouse', 'digital watch', 'doormat', 'dumbbell', 'envelope', 'hair dryer', 'hammer', 'lampshade', 'lemon', 'lipstick', 'match', 'mobile phone', 'necklace', 'padlock', 'paintbrush', 'paper towel', 'park bench', 'pill bottle', 'pillow', 'plastic bag', 'plunger', 'power drill', 'printer', 'racket', 'ruler', 'safety pin', 'salt shaker', 'sandal', 'screw', 'shovel', 'space heater', 'spatula', 'speaker', 'strainer', 'sunglasses', 'teddy bear', 'television', 'umbrella', 'vase', 'wallet', 'waste container', 'water bottle', 'whistle']"
25,ILSVRC2012_val_00038642.JPEG,17,padlock,padlock,12.327,559d944f8ef4fce3,False,"['Band-Aid', 'T-shirt', 'backpack', 'banana', 'cleaver', 'clothes iron', 'coffee mug', 'computer mouse', 'digital watch', 'doormat', 'dumbbell', 'envelope', 'hair dryer', 'hammer', 'lampshade', 'lemon', 'lipstick', 'match', 'mobile phone', 'necklace', 'padlock', 'paintbrush', 'paper towel', 'park bench', 'pill bottle', 'pillow', 'plastic bag', 'plunger', 'power drill', 'printer', 'racket', 'ruler', 'safety pin', 'salt shaker', 'sandal', 'screw', 'shovel', 'space heater', 'spatula', 'speaker', 'strainer', 'sunglasses', 'teddy bear', 'television', 'umbrella', 'vase', 'wallet', 'waste container', 'water bottle', 'whistle']"
26,d5b80433c2c94b7.png,150,vase,vase,3.639,c3aa0def43a195d4,True,"['Band-Aid', 'T-shirt', 'backpack', 'banana', 'cleaver', 'clothes iron', 'coffee mug', 'computer mouse', 'digital watch', 'doormat', 'dumbbell', 'envelope', 'hair dryer', 'hammer', 'lampshade', 'lemon', 'lipstick', 'match', 'mobile phone', 'necklace', 'padlock', 'paintbrush', 'paper towel', 'park bench', 'pill bottle', 'pillow', 'plastic bag', 'plunger', 'power drill', 'printer', 'racket', 'ruler', 'safety pin', 'salt shaker', 'sandal', 'screw', 'shovel', 'space heater', 'spatula', 'speaker', 'strainer', 'sunglasses', 'teddy bear', 'television', 'umbrella', 'vase', 'wallet', 'waste container', 'water bottle', 'whistle']"
27,3f06cac2eb644b1.png,17,coffee mug,Band-Aid,5.444,c7fa3f7857512cf3,True,"['Band-Aid', 'T-shirt', 'backpack', 'banana', 'cleaver', 'clothes iron', 'coffee mug', 'computer mouse', 'digital watch', 'doormat', 'dumbbell', 'envelope', 'hair dryer', 'hammer', 'lampshade', 'lemon', 'lipstick', 'match', 'mobile phone', 'necklace', 'padlock', 'paintbrush', 'paper towel', 'park bench', 'pill bottle', 'pillow', 'plastic bag', 'plunger', 'power drill', 'printer', 'racket', 'ruler', 'safety pin', 'salt shaker', 'sandal', 'screw', 'shovel', 'space heater', 'spatula', 'speaker', 'strainer', 'sunglasses', 'teddy bear', 'television', 'umbrella', 'vase', 'wallet', 'waste container', 'water bottle', 'whistle']"
28,1418404b50004a0.png,10000,wallet,water bottle,3.009,82e238a53caf49c6,True,"['Band-Aid', 'T-shirt', 'backpack', 'banana', 'cleaver', 'clothes iron', 'coffee mug', 'computer mouse', 'digital watch', 'doormat', 'dumbbell', 'envelope', 'hair dryer', 'hammer', 'lampshade', 'lemon', 'lipstick', 'match', 'mobile phone', 'necklace', 'padlock', 'paintbrush', 'paper towel', 'park bench', 'pill bottle', 'pillow', 'plastic bag', 'plunger', 'power drill', 'printer', 'racket', 'ruler', 'safety pin', 'salt shaker', 'sandal', 'screw', 'shovel', 'space heater', 'spatula', 'speaker', 'strainer', 'sunglasses', 'teddy bear', 'television', 'umbrella', 'vase', 'wallet', 'waste container', 'water bottle', 'whistle']"
29,e3e0b8749fa8425.png,10000,cleaver,cleaver,8.173,0c29860357e570c8,True,"['Band-Aid', 'T-shirt', 'backpack', 'banana', 'cleaver', 'clothes iron', 'coffee mug', 'computer mouse', 'digital watch', 'doormat', 'dumbbell', 'envelope', 'hair dryer', 'hammer', 'lampshade', 'lemon', 'lipstick', 'match', 'mobile phone', 'necklace', 'padlock', 'paintbrush', 'paper towel', 'park bench', 'pill bottle', 'pillow', 'plastic bag', 'plunger', 'power drill', 'printer', 'racket', 'ruler', 'safety pin', 'salt shaker', 'sandal', 'screw', 'shovel', 'space heater', 'spatula', 'speaker', 'strainer', 'sunglasses', 'teddy bear', 'television', 'umbrella', 'vase', 'wallet', 'waste container', 'water bottle', 'whistle']"
30,e3e0b8749fa8425.png,10000,cleaver,shovel,68.353,ab0450f234a0576b,True,"['Band-Aid', 'T-shirt', 'backpack', 'banana', 'cleaver', 'clothes iron', 'coffee mug', 'computer mouse', 'digital watch', 'doormat', 'dumbbell', 'envelope', 'hair dryer', 'hammer', 'lampshade', 'lemon', 'lipstick', 'match', 'mobile phone', 'necklace', 'padlock', 'paintbrush', 'paper towel', 'park bench', 'pill bottle', 'pillow', 'plastic bag', 'plunger', 'power drill', 'printer', 'racket', 'ruler', 'safety pin', 'salt shaker', 'sandal', 'screw', 'shovel', 'space heater', 'spatula', 'speaker', 'strainer', 'sunglasses', 'teddy bear', 'television', 'umbrella', 'vase', 'wallet', 'waste container', 'water bottle', 'whistle']"
31,ILSVRC2012_val_00021635.JPEG,17,pillow,speaker,11.785,983dfe727e30b2e2,False,"['Band-Aid', 'T-shirt', 'backpack', 'banana', 'cleaver', 'clothes iron', 'coffee mug', 'computer mouse', 'digital watch', 'doormat', 'dumbbell', 'envelope', 'hair dryer', 'hammer', 'lampshade', 'lemon', 'lipstick', 'match', 'mobile phone', 'necklace', 'padlock', 'paintbrush', 'paper towel', 'park bench', 'pill bottle', 'pillow', 'plastic bag', 'plunger', 'power drill', 'printer', 'racket', 'ruler', 'safety pin', 'salt shaker', 'sandal', 'screw', 'shovel', 'space heater', 'spatula', 'speaker', 'strainer', 'sunglasses', 'teddy bear', 'television', 'umbrella', 'vase', 'wallet', 'waste container', 'water bottle', 'whistle']"
32,101292a7703b43a.png,50,hammer,hammer,4.384,04086f6a55b15b2e,True,"['Band-Aid', 'T-shirt', 'backpack', 'banana', 'cleaver', 'clothes iron', 'coffee mug', 'computer mouse', 'digital watch', 'doormat', 'dumbbell', 'envelope', 'hair dryer', 'hammer', 'lampshade', 'lemon', 'lipstick', 'match', 'mobile phone', 'necklace', 'padlock', 'paintbrush', 'paper towel', 'park bench', 'pill bottle', 'pillow', 'plastic bag', 'plunger', 'power drill', 'printer', 'racket', 'ruler', 'safety pin', 'salt shaker', 'sandal', 'screw', 'shovel', 'space heater', 'spatula', 'speaker', 'strainer', 'sunglasses', 'teddy bear', 'television', 'umbrella', 'vase', 'wallet', 'waste container', 'water bottle', 'whistle']"
33,ILSVRC2012_val_00016405.JPEG,50,pill bottle,plastic bag,1.021,6f64dddfec9e1e76,False,"['Band-Aid', 'T-shirt', 'backpack', 'banana', 'cleaver', 'clothes iron', 'coffee mug', 'computer mouse', 'digital watch', 'doormat', 'dumbbell', 'envelope', 'hair dryer', 'hammer', 'lampshade', 'lemon', 'lipstick', 'match', 'mobile phone', 'necklace', 'padlock', 'paintbrush', 'paper towel', 'park bench', 'pill bottle', 'pillow', 'plastic bag', 'plunger', 'power drill', 'printer', 'racket', 'ruler', 'safety pin', 'salt shaker', 'sandal', 'screw', 'shovel', 'space heater', 'spatula', 'speaker', 'strainer', 'sunglasses', 'teddy bear', 'television', 'umbrella', 'vase', 'wallet', 'waste container', 'water bottle', 'whistle']"
34,983804e68aa6431.png,50,pillow,clothes iron,97.995,0e66a1158efe3385,True,"['Band-Aid', 'T-shirt', 'backpack', 'banana', 'cleaver', 'clothes iron', 'coffee mug', 'computer mouse', 'digital watch', 'doormat', 'dumbbell', 'envelope', 'hair dryer', 'hammer', 'lampshade', 'lemon', 'lipstick', 'match', 'mobile phone', 'necklace', 'padlock', 'paintbrush', 'paper towel', 'park bench', 'pill bottle', 'pillow', 'plastic bag', 'plunger', 'power drill', 'printer', 'racket', 'ruler', 'safety pin', 'salt shaker', 'sandal', 'screw', 'shovel', 'space heater', 'spatula', 'speaker', 'strainer', 'sunglasses', 'teddy bear', 'television', 'umbrella', 'vase', 'wallet', 'waste container', 'water bottle', 'whistle']"
35,d05066916d61452.png,50,sandal,sandal,6.631,76355b918cdf3401,True,"['Band-Aid', 'T-shirt', 'backpack', 'banana', 'cleaver', 'clothes iron', 'coffee mug', 'computer mouse', 'digital watch', 'doormat', 'dumbbell', 'envelope', 'hair dryer', 'hammer', 'lampshade', 'lemon', 'lipstick', 'match', 'mobile phone', 'necklace', 'padlock', 'paintbrush', 'paper towel', 'park bench', 'pill bottle', 'pillow', 'plastic bag', 'plunger', 'power drill', 'printer', 'racket', 'ruler', 'safety pin', 'salt shaker', 'sandal', 'screw', 'shovel', 'space heater', 'spatula', 'speaker', 'strainer', 'sunglasses', 'teddy bear', 'television', 'umbrella', 'vase', 'wallet', 'waste container', 'water bottle', 'whistle']"
36,ILSVRC2012_val_00004356.JPEG,50,paintbrush,plunger,2.654,d57fb2af0365fafd,False,"['Band-Aid', 'T-shirt', 'backpack', 'banana', 'cleaver', 'clothes iron', 'coffee mug', 'computer mouse', 'digital watch', 'doormat', 'dumbbell', 'envelope', 'hair dryer', 'hammer', 'lampshade', 'lemon', 'lipstick', 'match', 'mobile phone', 'necklace', 'padlock', 'paintbrush', 'paper towel', 'park bench', 'pill bottle', 'pillow', 'plastic bag', 'plunger', 'power drill', 'printer', 'racket', 'ruler', 'safety pin', 'salt shaker', 'sandal', 'screw', 'shovel', 'space heater', 'spatula', 'speaker', 'strainer', 'sunglasses', 'teddy bear', 'television', 'umbrella', 'vase', 'wallet', 'waste container', 'water bottle', 'whistle']"
37,5e939cb8f7724d5.png,10000,lipstick,lipstick,293.211,2c0073aa56ca3b17,True,"['Band-Aid', 'T-shirt', 'backpack', 'banana', 'cleaver', 'clothes iron', 'coffee mug', 'computer mouse', 'digital watch', 'doormat', 'dumbbell', 'envelope', 'hair dryer', 'hammer', 'lampshade', 'lemon', 'lipstick', 'match', 'mobile phone', 'necklace', 'padlock', 'paintbrush', 'paper towel', 'park bench', 'pill bottle', 'pillow', 'plastic bag', 'plunger', 'power drill', 'printer', 'racket', 'ruler', 'safety pin', 'salt shaker', 'sandal', 'screw', 'shovel', 'space heater', 'spatula', 'speaker', 'strainer', 'sunglasses', 'teddy bear', 'television', 'umbrella', 'vase', 'wallet', 'waste container', 'water bottle', 'whistle']"
38,8de9a88d19474e5.png,17,dumbbell,whistle,2.974,50007b9cd30cddc2,True,"['Band-Aid', 'T-shirt', 'backpack', 'banana', 'cleaver', 'clothes iron', 'coffee mug', 'computer mouse', 'digital watch', 'doormat', 'dumbbell', 'envelope', 'hair dryer', 'hammer', 'lampshade', 'lemon', 'lipstick', 'match', 'mobile phone', 'necklace', 'padlock', 'paintbrush', 'paper towel', 'park bench', 'pill bottle', 'pillow', 'plastic bag', 'plunger', 'power drill', 'printer', 'racket', 'ruler', 'safety pin', 'salt shaker', 'sandal', 'screw', 'shovel', 'space heater', 'spatula', 'speaker', 'strainer', 'sunglasses', 'teddy bear', 'television', 'umbrella', 'vase', 'wallet', 'waste container', 'water bottle', 'whistle']"
39,ILSVRC2012_val_00018021.JPEG,150,backpack,backpack,23.187,28f73cca678d7392,False,"['Band-Aid', 'T-shirt', 'backpack', 'banana', 'cleaver', 'clothes iron', 'coffee mug', 'computer mouse', 'digital watch', 'doormat', 'dumbbell', 'envelope', 'hair dryer', 'hammer', 'lampshade', 'lemon', 'lipstick', 'match', 'mobile phone', 'necklace', 'padlock', 'paintbrush', 'paper towel', 'park bench', 'pill bottle', 'pillow', 'plastic bag', 'plunger', 'power drill', 'printer', 'racket', 'ruler', 'safety pin', 'salt shaker', 'sandal', 'screw', 'shovel', 'space heater', 'spatula', 'speaker', 'strainer', 'sunglasses', 'teddy bear', 'television', 'umbrella', 'vase', 'wallet', 'waste container', 'water bottle', 'whistle']"
40,5e939cb8f7724d5.png,150,lipstick,power drill,4.685,c5f9aedadbb606c4,True,"['Band-Aid', 'T-shirt', 'backpack', 'banana', 'cleaver', 'clothes iron', 'coffee mug', 'computer mouse', 'digital watch', 'doormat', 'dumbbell', 'envelope', 'hair dryer', 'hammer', 'lampshade', 'lemon', 'lipstick', 'match', 'mobile phone', 'necklace', 'padlock', 'paintbrush', 'paper towel', 'park bench', 'pill bottle', 'pillow', 'plastic bag', 'plunger', 'power drill', 'printer', 'racket', 'ruler', 'safety pin', 'salt shaker', 'sandal', 'screw', 'shovel', 'space heater', 'spatula', 'speaker', 'strainer', 'sunglasses', 'teddy bear', 'television', 'umbrella', 'vase', 'wallet', 'waste container', 'water bottle', 'whistle']"
41,ILSVRC2012_val_00008403.JPEG,10000,wallet,wallet,10.214,bc8e84dfec2fe7b9,False,"['Band-Aid', 'T-shirt', 'backpack', 'banana', 'cleaver', 'clothes iron', 'coffee mug', 'computer mouse', 'digital watch', 'doormat', 'dumbbell', 'envelope', 'hair dryer', 'hammer', 'lampshade', 'lemon', 'lipstick', 'match', 'mobile phone', 'necklace', 'padlock', 'paintbrush', 'paper towel', 'park bench', 'pill bottle', 'pillow', 'plastic bag', 'plunger', 'power drill', 'printer', 'racket', 'ruler', 'safety pin', 'salt shaker', 'sandal', 'screw', 'shovel', 'space heater', 'spatula', 'speaker', 'strainer', 'sunglasses', 'teddy bear', 'television', 'umbrella', 'vase', 'wallet', 'waste container', 'water bottle', 'whistle']"
42,90e4564833f044f.png,10000,lemon,lemon,6.872,a92aafc9fade95b3,True,"['Band-Aid', 'T-shirt', 'backpack', 'banana', 'cleaver', 'clothes iron', 'coffee mug', 'computer mouse', 'digital watch', 'doormat', 'dumbbell', 'envelope', 'hair dryer', 'hammer', 'lampshade', 'lemon', 'lipstick', 'match', 'mobile phone', 'necklace', 'padlock', 'paintbrush', 'paper towel', 'park bench', 'pill bottle', 'pillow', 'plastic bag', 'plunger', 'power drill', 'printer', 'racket', 'ruler', 'safety pin', 'salt shaker', 'sandal', 'screw', 'shovel', 'space heater', 'spatula', 'speaker', 'strainer', 'sunglasses', 'teddy bear', 'television', 'umbrella', 'vase', 'wallet', 'waste container', 'water bottle', 'whistle']"
43,ILSVRC2012_val_00023847.JPEG,10000,safety pin,safety pin,3.405,8cd3ecae9453ed17,False,"['Band-Aid', 'T-shirt', 'backpack', 'banana', 'cleaver', 'clothes iron', 'coffee mug', 'computer mouse', 'digital watch', 'doormat', 'dumbbell', 'envelope', 'hair dryer', 'hammer', 'lampshade', 'lemon', 'lipstick', 'match', 'mobile phone', 'necklace', 'padlock', 'paintbrush', 'paper towel', 'park bench', 'pill bottle', 'pillow', 'plastic bag', 'plunger', 'power drill', 'printer', 'racket', 'ruler', 'safety pin', 'salt shaker', 'sandal', 'screw', 'shovel', 'space heater', 'spatula', 'speaker', 'strainer', 'sunglasses', 'teddy bear', 'television', 'umbrella', 'vase', 'wallet', 'waste container', 'water bottle', 'whistle']"
44,d4c1e261d46749e.png,50,umbrella,ruler,14.286,fa6959034bc1a57c,True,"['Band-Aid', 'T-shirt', 'backpack', 'banana', 'cleaver', 'clothes iron', 'coffee mug', 'computer mouse', 'digital watch', 'doormat', 'dumbbell', 'envelope', 'hair dryer', 'hammer', 'lampshade', 'lemon', 'lipstick', 'match', 'mobile phone', 'necklace', 'padlock', 'paintbrush', 'paper towel', 'park bench', 'pill bottle', 'pillow', 'plastic bag', 'plunger', 'power drill', 'printer', 'racket', 'ruler', 'safety pin', 'salt shaker', 'sandal', 'screw', 'shovel', 'space heater', 'spatula', 'speaker', 'strainer', 'sunglasses', 'teddy bear', 'television', 'umbrella', 'vase', 'wallet', 'waste container', 'water bottle', 'whistle']"
45,b5a92160e2044ca.png,17,sandal,banana,19.094,5602640395f30d7f,True,"['Band-Aid', 'T-shirt', 'backpack', 'banana', 'cleaver', 'clothes iron', 'coffee mug', 'computer mouse', 'digital watch', 'doormat', 'dumbbell', 'envelope', 'hair dryer', 'hammer', 'lampshade', 'lemon', 'lipstick', 'match', 'mobile phone', 'necklace', 'padlock', 'paintbrush', 'paper towel', 'park bench', 'pill bottle', 'pillow', 'plastic bag', 'plunger', 'power drill', 'printer', 'racket', 'ruler', 'safety pin', 'salt shaker', 'sandal', 'screw', 'shovel', 'space heater', 'spatula', 'speaker', 'strainer', 'sunglasses', 'teddy bear', 'television', 'umbrella', 'vase', 'wallet', 'waste container', 'water bottle', 'whistle']"
46,b5a92160e2044ca.png,17,sandal,sandal,33.904,1ec6f6f2c040ff1a,True,"['Band-Aid', 'T-shirt', 'backpack', 'banana', 'cleaver', 'clothes iron', 'coffee mug', 'computer mouse', 'digital watch', 'doormat', 'dumbbell', 'envelope', 'hair dryer', 'hammer', 'lampshade', 'lemon', 'lipstick', 'match', 'mobile phone', 'necklace', 'padlock', 'paintbrush', 'paper towel', 'park bench', 'pill bottle', 'pillow', 'plastic bag', 'plunger', 'power drill', 'printer', 'racket', 'ruler', 'safety pin', 'salt shaker', 'sandal', 'screw', 'shovel', 'space heater', 'spatula', 'speaker', 'strainer', 'sunglasses', 'teddy bear', 'television', 'umbrella', 'vase', 'wallet', 'waste container', 'water bottle', 'whistle']"
47,ILSVRC2012_val_00031221.JPEG,50,park bench,park bench,2.998,06e928bf8bb6d03c,False,"['Band-Aid', 'T-shirt', 'backpack', 'banana', 'cleaver', 'clothes iron', 'coffee mug', 'computer mouse', 'digital watch', 'doormat', 'dumbbell', 'envelope', 'hair dryer', 'hammer', 'lampshade', 'lemon', 'lipstick', 'match', 'mobile phone', 'necklace', 'padlock', 'paintbrush', 'paper towel', 'park bench', 'pill bottle', 'pillow', 'plastic bag', 'plunger', 'power drill', 'printer', 'racket', 'ruler', 'safety pin', 'salt shaker', 'sandal', 'screw', 'shovel', 'space heater', 'spatula', 'speaker', 'strainer', 'sunglasses', 'teddy bear', 'television', 'umbrella', 'vase', 'wallet', 'waste container', 'water bottle', 'whistle']"
48,101292a7703b43a.png,50,hammer,hammer,13.95,4f446368979fc2aa,True,"['Band-Aid', 'T-shirt', 'backpack', 'banana', 'cleaver', 'clothes iron', 'coffee mug', 'computer mouse', 'digital watch', 'doormat', 'dumbbell', 'envelope', 'hair dryer', 'hammer', 'lampshade', 'lemon', 'lipstick', 'match', 'mobile phone', 'necklace', 'padlock', 'paintbrush', 'paper towel', 'park bench', 'pill bottle', 'pillow', 'plastic bag', 'plunger', 'power drill', 'printer', 'racket', 'ruler', 'safety pin', 'salt shaker', 'sandal', 'screw', 'shovel', 'space heater', 'spatula', 'speaker', 'strainer', 'sunglasses', 'teddy bear', 'television', 'umbrella', 'vase', 'wallet', 'waste container', 'water bottle', 'whistle']"
49,ILSVRC2012_val_00001964.JPEG,17,cleaver,paintbrush,18.42,6875e6902e255548,False,"['Band-Aid', 'T-shirt', 'backpack', 'banana', 'cleaver', 'clothes iron', 'coffee mug', 'computer mouse', 'digital watch', 'doormat', 'dumbbell', 'envelope', 'hair dryer', 'hammer', 'lampshade', 'lemon', 'lipstick', 'match', 'mobile phone', 'necklace', 'padlock', 'paintbrush', 'paper towel', 'park bench', 'pill bottle', 'pillow', 'plastic bag', 'plunger', 'power drill', 'printer', 'racket', 'ruler', 'safety pin', 'salt shaker', 'sandal', 'screw', 'shovel', 'space heater', 'spatula', 'speaker', 'strainer', 'sunglasses', 'teddy bear', 'television', 'umbrella', 'vase', 'wallet', 'waste container', 'water bottle', 'whistle']"
50,ILSVRC2012_val_00000459.JPEG,17,backpack,vase,31.199,3ce8d454555d4f3f,False,"['Band-Aid', 'T-shirt', 'backpack', 'banana', 'cleaver', 'clothes iron', 'coffee mug', 'computer mouse', 'digital watch', 'doormat', 'dumbbell', 'envelope', 'hair dryer', 'hammer', 'lampshade', 'lemon', 'lipstick', 'match', 'mobile phone', 'necklace', 'padlock', 'paintbrush', 'paper towel', 'park bench', 'pill bottle', 'pillow', 'plastic bag', 'plunger', 'power drill', 'printer', 'racket', 'ruler', 'safety pin', 'salt shaker', 'sandal', 'screw', 'shovel', 'space heater', 'spatula', 'speaker', 'strainer', 'sunglasses', 'teddy bear', 'television', 'umbrella', 'vase', 'wallet', 'waste container', 'water bottle', 'whistle']"
51,d5b80433c2c94b7.png,150,vase,lampshade,16.793,36516e6002f39459,True,"['Band-Aid', 'T-shirt', 'backpack', 'banana', 'cleaver', 'clothes iron', 'coffee mug', 'computer mouse', 'digital watch', 'doormat', 'dumbbell', 'envelope', 'hair dryer', 'hammer', 'lampshade', 'lemon', 'lipstick', 'match', 'mobile phone', 'necklace', 'padlock', 'paintbrush', 'paper towel', 'park bench', 'pill bottle', 'pillow', 'plastic bag', 'plunger', 'power drill', 'printer', 'racket', 'ruler', 'safety pin', 'salt shaker', 'sandal', 'screw', 'shovel', 'space heater', 'spatula', 'speaker', 'strainer', 'sunglasses', 'teddy bear', 'television', 'umbrella', 'vase', 'wallet', 'waste container', 'water bottle', 'whistle']"
52,2d808b78d9f045f.png,50,racket,umbrella,42.839,4e8c81a4b6ecadf2,True,"['Band-Aid', 'T-shirt', 'backpack', 'banana', 'cleaver', 'clothes iron', 'coffee mug', 'computer mouse', 'digital watch', 'doormat', 'dumbbell', 'envelope', 'hair dryer', 'hammer', 'lampshade', 'lemon', 'lipstick', 'match', 'mobile phone', 'necklace', 'padlock', 'paintbrush', 'paper towel', 'park bench', 'pill bottle', 'pillow', 'plastic bag', 'plunger', 'power drill', 'printer', 'racket', 'ruler', 'safety pin', 'salt shaker', 'sandal', 'screw', 'shovel', 'space heater', 'spatula', 'speaker', 'strainer', 'sunglasses', 'teddy bear', 'television', 'umbrella', 'vase', 'wallet', 'waste container', 'water bottle', 'whistle']"
53,e7dc6697dc1b434.png,50,strainer,racket,24.094,4f2c434ca55453e6,True,"['Band-Aid', 'T-shirt', 'backpack', 'banana', 'cleaver', 'clothes iron', 'coffee mug', 'computer mouse', 'digital watch', 'doormat', 'dumbbell', 'envelope', 'hair dryer', 'hammer', 'lampshade', 'lemon', 'lipstick', 'match', 'mobile phone', 'necklace', 'padlock', 'paintbrush', 'paper towel', 'park bench', 'pill bottle', 'pillow', 'plastic bag', 'plunger', 'power drill', 'printer', 'racket', 'ruler', 'safety pin', 'salt shaker', 'sandal', 'screw', 'shovel', 'space heater', 'spatula', 'speaker', 'strainer', 'sunglasses', 'teddy bear', 'television', 'umbrella', 'vase', 'wallet', 'waste container', 'water bottle', 'whistle']"
54,83361c17182c46f.png,10000,water bottle,water bottle,13.214,e15b152b20ceab74,True,"['Band-Aid', 'T-shirt', 'backpack', 'banana', 'cleaver', 'clothes iron', 'coffee mug', 'computer mouse', 'digital watch', 'doormat', 'dumbbell', 'envelope', 'hair dryer', 'hammer', 'lampshade', 'lemon', 'lipstick', 'match', 'mobile phone', 'necklace', 'padlock', 'paintbrush', 'paper towel', 'park bench', 'pill bottle', 'pillow', 'plastic bag', 'plunger', 'power drill', 'printer', 'racket', 'ruler', 'safety pin', 'salt shaker', 'sandal', 'screw', 'shovel', 'space heater', 'spatula', 'speaker', 'strainer', 'sunglasses', 'teddy bear', 'television', 'umbrella', 'vase', 'wallet', 'waste container', 'water bottle', 'whistle']"
55,2279faba665e471.png,10000,doormat,doormat,31.864,8d83fc7d37a7862d,True,"['Band-Aid', 'T-shirt', 'backpack', 'banana', 'cleaver', 'clothes iron', 'coffee mug', 'computer mouse', 'digital watch', 'doormat', 'dumbbell', 'envelope', 'hair dryer', 'hammer', 'lampshade', 'lemon', 'lipstick', 'match', 'mobile phone', 'necklace', 'padlock', 'paintbrush', 'paper towel', 'park bench', 'pill bottle', 'pillow', 'plastic bag', 'plunger', 'power drill', 'printer', 'racket', 'ruler', 'safety pin', 'salt shaker', 'sandal', 'screw', 'shovel', 'space heater', 'spatula', 'speaker', 'strainer', 'sunglasses', 'teddy bear', 'television', 'umbrella', 'vase', 'wallet', 'waste container', 'water bottle', 'whistle']"
56,689b7f6a283a45b.png,17,coffee mug,backpack,3.348,b22bbd015b602f84,True,"['Band-Aid', 'T-shirt', 'backpack', 'banana', 'cleaver', 'clothes iron', 'coffee mug', 'computer mouse', 'digital watch', 'doormat', 'dumbbell', 'envelope', 'hair dryer', 'hammer', 'lampshade', 'lemon', 'lipstick', 'match', 'mobile phone', 'necklace', 'padlock', 'paintbrush', 'paper towel', 'park bench', 'pill bottle', 'pillow', 'plastic bag', 'plunger', 'power drill', 'printer', 'racket', 'ruler', 'safety pin', 'salt shaker', 'sandal', 'screw', 'shovel', 'space heater', 'spatula', 'speaker', 'strainer', 'sunglasses', 'teddy bear', 'television', 'umbrella', 'vase', 'wallet', 'waste container', 'water bottle', 'whistle']"
57,ILSVRC2012_val_00017991.JPEG,150,hammer,banana,24.143,aedc4efc9c563bec,False,"['Band-Aid', 'T-shirt', 'backpack', 'banana', 'cleaver', 'clothes iron', 'coffee mug', 'computer mouse', 'digital watch', 'doormat', 'dumbbell', 'envelope', 'hair dryer', 'hammer', 'lampshade', 'lemon', 'lipstick', 'match', 'mobile phone', 'necklace', 'padlock', 'paintbrush', 'paper towel', 'park bench', 'pill bottle', 'pillow', 'plastic bag', 'plunger', 'power drill', 'printer', 'racket', 'ruler', 'safety pin', 'salt shaker', 'sandal', 'screw', 'shovel', 'space heater', 'spatula', 'speaker', 'strainer', 'sunglasses', 'teddy bear', 'television', 'umbrella', 'vase', 'wallet', 'waste container', 'water bottle', 'whistle']"
58,94ae596e705f4df.png,10000,safety pin,safety pin,23.795,10471223d05a4f51,True,"['Band-Aid', 'T-shirt', 'backpack', 'banana', 'cleaver', 'clothes iron', 'coffee mug', 'computer mouse', 'digital watch', 'doormat', 'dumbbell', 'envelope', 'hair dryer', 'hammer', 'lampshade', 'lemon', 'lipstick', 'match', 'mobile phone', 'necklace', 'padlock', 'paintbrush', 'paper towel', 'park bench', 'pill bottle', 'pillow', 'plastic bag', 'plunger', 'power drill', 'printer', 'racket', 'ruler', 'safety pin', 'salt shaker', 'sandal', 'screw', 'shovel', 'space heater', 'spatula', 'speaker', 'strainer', 'sunglasses', 'teddy bear', 'television', 'umbrella', 'vase', 'wallet', 'waste container', 'water bottle', 'whistle']"
59,3f3d5f38aa954a4.png,10000,hair dryer,hair dryer,13.444,2cd6d69c28a9fda0,True,"['Band-Aid', 'T-shirt', 'backpack', 'banana', 'cleaver', 'clothes iron', 'coffee mug', 'computer mouse', 'digital watch', 'doormat', 'dumbbell', 'envelope', 'hair dryer', 'hammer', 'lampshade', 'lemon', 'lipstick', 'match', 'mobile phone', 'necklace', 'padlock', 'paintbrush', 'paper towel', 'park bench', 'pill bottle', 'pillow', 'plastic bag', 'plunger', 'power drill', 'printer', 'racket', 'ruler', 'safety pin', 'salt shaker', 'sandal', 'screw', 'shovel', 'space heater', 'spatula', 'speaker', 'strainer', 'sunglasses', 'teddy bear', 'television', 'umbrella', 'vase', 'wallet', 'waste container', 'water bottle', 'whistle']"
60,ILSVRC2012_val_00014624.JPEG,150,T-shirt,T-shirt,4.88,a714fe94abaf442b,False,"['Band-Aid', 'T-shirt', 'backpack', 'banana', 'cleaver', 'clothes iron', 'coffee mug', 'computer mouse', 'digital watch', 'doormat', 'dumbbell', 'envelope', 'hair dryer', 'hammer', 'lampshade', 'lemon', 'lipstick', 'match', 'mobile phone', 'necklace', 'padlock', 'paintbrush', 'paper towel', 'park bench', 'pill bottle', 'pillow', 'plastic bag', 'plunger', 'power drill', 'printer', 'racket', 'ruler', 'safety pin', 'salt shaker', 'sandal', 'screw', 'shovel', 'space heater', 'spatula', 'speaker', 'strainer', 'sunglasses', 'teddy bear', 'television', 'umbrella', 'vase', 'wallet', 'waste container', 'water bottle', 'whistle']"
61,ILSVRC2012_val_00033348.JPEG,17,lemon,lemon,23.041,15d6c3b0d5784029,False,"['Band-Aid', 'T-shirt', 'backpack', 'banana', 'cleaver', 'clothes iron', 'coffee mug', 'computer mouse', 'digital watch', 'doormat', 'dumbbell', 'envelope', 'hair dryer', 'hammer', 'lampshade', 'lemon', 'lipstick', 'match', 'mobile phone', 'necklace', 'padlock', 'paintbrush', 'paper towel', 'park bench', 'pill bottle', 'pillow', 'plastic bag', 'plunger', 'power drill', 'printer', 'racket', 'ruler', 'safety pin', 'salt shaker', 'sandal', 'screw', 'shovel', 'space heater', 'spatula', 'speaker', 'strainer', 'sunglasses', 'teddy bear', 'television', 'umbrella', 'vase', 'wallet', 'waste container', 'water bottle', 'whistle']"
62,0d8bf327d39c457.png,150,teddy bear,teddy bear,7.843,09906067efe54bfc,True,"['Band-Aid', 'T-shirt', 'backpack', 'banana', 'cleaver', 'clothes iron', 'coffee mug', 'computer mouse', 'digital watch', 'doormat', 'dumbbell', 'envelope', 'hair dryer', 'hammer', 'lampshade', 'lemon', 'lipstick', 'match', 'mobile phone', 'necklace', 'padlock', 'paintbrush', 'paper towel', 'park bench', 'pill bottle', 'pillow', 'plastic bag', 'plunger', 'power drill', 'printer', 'racket', 'ruler', 'safety pin', 'salt shaker', 'sandal', 'screw', 'shovel', 'space heater', 'spatula', 'speaker', 'strainer', 'sunglasses', 'teddy bear', 'television', 'umbrella', 'vase', 'wallet', 'waste container', 'water bottle', 'whistle']"
63,c0f2d0f379f44ac.png,10000,lemon,lemon,16.742,bfcfedf4fda1dda0,True,"['Band-Aid', 'T-shirt', 'backpack', 'banana', 'cleaver', 'clothes iron', 'coffee mug', 'computer mouse', 'digital watch', 'doormat', 'dumbbell', 'envelope', 'hair dryer', 'hammer', 'lampshade', 'lemon', 'lipstick', 'match', 'mobile phone', 'necklace', 'padlock', 'paintbrush', 'paper towel', 'park bench', 'pill bottle', 'pillow', 'plastic bag', 'plunger', 'power drill', 'printer', 'racket', 'ruler', 'safety pin', 'salt shaker', 'sandal', 'screw', 'shovel', 'space heater', 'spatula', 'speaker', 'strainer', 'sunglasses', 'teddy bear', 'television', 'umbrella', 'vase', 'wallet', 'waste container', 'water bottle', 'whistle']"
64,dc012a9340bf454.png,10000,mobile phone,mobile phone,8.645,d386dc41572ae3be,True,"['Band-Aid', 'T-shirt', 'backpack', 'banana', 'cleaver', 'clothes iron', 'coffee mug', 'computer mouse', 'digital watch', 'doormat', 'dumbbell', 'envelope', 'hair dryer', 'hammer', 'lampshade', 'lemon', 'lipstick', 'match', 'mobile phone', 'necklace', 'padlock', 'paintbrush', 'paper towel', 'park bench', 'pill bottle', 'pillow', 'plastic bag', 'plunger', 'power drill', 'printer', 'racket', 'ruler', 'safety pin', 'salt shaker', 'sandal', 'screw', 'shovel', 'space heater', 'spatula', 'speaker', 'strainer', 'sunglasses', 'teddy bear', 'television', 'umbrella', 'vase', 'wallet', 'waste container', 'water bottle', 'whistle']"
65,dc012a9340bf454.png,10000,mobile phone,mobile phone,9.29,80bfa64b36dc2d82,True,"['Band-Aid', 'T-shirt', 'backpack', 'banana', 'cleaver', 'clothes iron', 'coffee mug', 'computer mouse', 'digital watch', 'doormat', 'dumbbell', 'envelope', 'hair dryer', 'hammer', 'lampshade', 'lemon', 'lipstick', 'match', 'mobile phone', 'necklace', 'padlock', 'paintbrush', 'paper towel', 'park bench', 'pill bottle', 'pillow', 'plastic bag', 'plunger', 'power drill', 'printer', 'racket', 'ruler', 'safety pin', 'salt shaker', 'sandal', 'screw', 'shovel', 'space heater', 'spatula', 'speaker', 'strainer', 'sunglasses', 'teddy bear', 'television', 'umbrella', 'vase', 'wallet', 'waste container', 'water bottle', 'whistle']"
66,ILSVRC2012_val_00031162.JPEG,50,spatula,vase,6.595,9de5bd91d1846f32,False,"['Band-Aid', 'T-shirt', 'backpack', 'banana', 'cleaver', 'clothes iron', 'coffee mug', 'computer mouse', 'digital watch', 'doormat', 'dumbbell', 'envelope', 'hair dryer', 'hammer', 'lampshade', 'lemon', 'lipstick', 'match', 'mobile phone', 'necklace', 'padlock', 'paintbrush', 'paper towel', 'park bench', 'pill bottle', 'pillow', 'plastic bag', 'plunger', 'power drill', 'printer', 'racket', 'ruler', 'safety pin', 'salt shaker', 'sandal', 'screw', 'shovel', 'space heater', 'spatula', 'speaker', 'strainer', 'sunglasses', 'teddy bear', 'television', 'umbrella', 'vase', 'wallet', 'waste container', 'water bottle', 'whistle']"
67,feaa1fe91572459.png,17,vase,vase,5.645,c4bb4292e4173957,True,"['Band-Aid', 'T-shirt', 'backpack', 'banana', 'cleaver', 'clothes iron', 'coffee mug', 'computer mouse', 'digital watch', 'doormat', 'dumbbell', 'envelope', 'hair dryer', 'hammer', 'lampshade', 'lemon', 'lipstick', 'match', 'mobile phone', 'necklace', 'padlock', 'paintbrush', 'paper towel', 'park bench', 'pill bottle', 'pillow', 'plastic bag', 'plunger', 'power drill', 'printer', 'racket', 'ruler', 'safety pin', 'salt shaker', 'sandal', 'screw', 'shovel', 'space heater', 'spatula', 'speaker', 'strainer', 'sunglasses', 'teddy bear', 'television', 'umbrella', 'vase', 'wallet', 'waste container', 'water bottle', 'whistle']"
68,ILSVRC2012_val_00034977.JPEG,17,spatula,plastic bag,5.116,d5e7b2484777ecb4,False,"['Band-Aid', 'T-shirt', 'backpack', 'banana', 'cleaver', 'clothes iron', 'coffee mug', 'computer mouse', 'digital watch', 'doormat', 'dumbbell', 'envelope', 'hair dryer', 'hammer', 'lampshade', 'lemon', 'lipstick', 'match', 'mobile phone', 'necklace', 'padlock', 'paintbrush', 'paper towel', 'park bench', 'pill bottle', 'pillow', 'plastic bag', 'plunger', 'power drill', 'printer', 'racket', 'ruler', 'safety pin', 'salt shaker', 'sandal', 'screw', 'shovel', 'space heater', 'spatula', 'speaker', 'strainer', 'sunglasses', 'teddy bear', 'television', 'umbrella', 'vase', 'wallet', 'waste container', 'water bottle', 'whistle']"
69,dc012a9340bf454.png,10000,mobile phone,mobile phone,4.541,d0b32ea003c19885,True,"['Band-Aid', 'T-shirt', 'backpack', 'banana', 'cleaver', 'clothes iron', 'coffee mug', 'computer mouse', 'digital watch', 'doormat', 'dumbbell', 'envelope', 'hair dryer', 'hammer', 'lampshade', 'lemon', 'lipstick', 'match', 'mobile phone', 'necklace', 'padlock', 'paintbrush', 'paper towel', 'park bench', 'pill bottle', 'pillow', 'plastic bag', 'plunger', 'power drill', 'printer', 'racket', 'ruler', 'safety pin', 'salt shaker', 'sandal', 'screw', 'shovel', 'space heater', 'spatula', 'speaker', 'strainer', 'sunglasses', 'teddy bear', 'television', 'umbrella', 'vase', 'wallet', 'waste container', 'water bottle', 'whistle']"
70,ILSVRC2012_val_00011809.JPEG,50,mobile phone,paintbrush,86.291,5a06cef233f2bb66,False,"['Band-Aid', 'T-shirt', 'backpack', 'banana', 'cleaver', 'clothes iron', 'coffee mug', 'computer mouse', 'digital watch', 'doormat', 'dumbbell', 'envelope', 'hair dryer', 'hammer', 'lampshade', 'lemon', 'lipstick', 'match', 'mobile phone', 'necklace', 'padlock', 'paintbrush', 'paper towel', 'park bench', 'pill bottle', 'pillow', 'plastic bag', 'plunger', 'power drill', 'printer', 'racket', 'ruler', 'safety pin', 'salt shaker', 'sandal', 'screw', 'shovel', 'space heater', 'spatula', 'speaker', 'strainer', 'sunglasses', 'teddy bear', 'television', 'umbrella', 'vase', 'wallet', 'waste container', 'water bottle', 'whistle']"
71,ILSVRC2012_val_00038588.JPEG,50,sandal,cleaver,1.478,441efc651f2b6f88,False,"['Band-Aid', 'T-shirt', 'backpack', 'banana', 'cleaver', 'clothes iron', 'coffee mug', 'computer mouse', 'digital watch', 'doormat', 'dumbbell', 'envelope', 'hair dryer', 'hammer', 'lampshade', 'lemon', 'lipstick', 'match', 'mobile phone', 'necklace', 'padlock', 'paintbrush', 'paper towel', 'park bench', 'pill bottle', 'pillow', 'plastic bag', 'plunger', 'power drill', 'printer', 'racket', 'ruler', 'safety pin', 'salt shaker', 'sandal', 'screw', 'shovel', 'space heater', 'spatula', 'speaker', 'strainer', 'sunglasses', 'teddy bear', 'television', 'umbrella', 'vase', 'wallet', 'waste container', 'water bottle', 'whistle']"
72,3fa70e3c1f6a43a.png,150,salt shaker,pill bottle,5.204,c4bb4292e4173957,True,"['Band-Aid', 'T-shirt', 'backpack', 'banana', 'cleaver', 'clothes iron', 'coffee mug', 'computer mouse', 'digital watch', 'doormat', 'dumbbell', 'envelope', 'hair dryer', 'hammer', 'lampshade', 'lemon', 'lipstick', 'match', 'mobile phone', 'necklace', 'padlock', 'paintbrush', 'paper towel', 'park bench', 'pill bottle', 'pillow', 'plastic bag', 'plunger', 'power drill', 'printer', 'racket', 'ruler', 'safety pin', 'salt shaker', 'sandal', 'screw', 'shovel', 'space heater', 'spatula', 'speaker', 'strainer', 'sunglasses', 'teddy bear', 'television', 'umbrella', 'vase', 'wallet', 'waste container', 'water bottle', 'whistle']"
73,ca9b930f8e9149b.png,17,doormat,lampshade,11.526,48447db99fa48a6c,True,"['Band-Aid', 'T-shirt', 'backpack', 'banana', 'cleaver', 'clothes iron', 'coffee mug', 'computer mouse', 'digital watch', 'doormat', 'dumbbell', 'envelope', 'hair dryer', 'hammer', 'lampshade', 'lemon', 'lipstick', 'match', 'mobile phone', 'necklace', 'padlock', 'paintbrush', 'paper towel', 'park bench', 'pill bottle', 'pillow', 'plastic bag', 'plunger', 'power drill', 'printer', 'racket', 'ruler', 'safety pin', 'salt shaker', 'sandal', 'screw', 'shovel', 'space heater', 'spatula', 'speaker', 'strainer', 'sunglasses', 'teddy bear', 'television', 'umbrella', 'vase', 'wallet', 'waste container', 'water bottle', 'whistle']"
74,ILSVRC2012_val_00043683.JPEG,150,shovel,plunger,144.855,5dbb2686ac450b8d,False,"['Band-Aid', 'T-shirt', 'backpack', 'banana', 'cleaver', 'clothes iron', 'coffee mug', 'computer mouse', 'digital watch', 'doormat', 'dumbbell', 'envelope', 'hair dryer', 'hammer', 'lampshade', 'lemon', 'lipstick', 'match', 'mobile phone', 'necklace', 'padlock', 'paintbrush', 'paper towel', 'park bench', 'pill bottle', 'pillow', 'plastic bag', 'plunger', 'power drill', 'printer', 'racket', 'ruler', 'safety pin', 'salt shaker', 'sandal', 'screw', 'shovel', 'space heater', 'spatula', 'speaker', 'strainer', 'sunglasses', 'teddy bear', 'television', 'umbrella', 'vase', 'wallet', 'waste container', 'water bottle', 'whistle']"
75,ILSVRC2012_val_00047002.JPEG,50,shovel,wallet,10.347,091aecc41b24583f,False,"['Band-Aid', 'T-shirt', 'backpack', 'banana', 'cleaver', 'clothes iron', 'coffee mug', 'computer mouse', 'digital watch', 'doormat', 'dumbbell', 'envelope', 'hair dryer', 'hammer', 'lampshade', 'lemon', 'lipstick', 'match', 'mobile phone', 'necklace', 'padlock', 'paintbrush', 'paper towel', 'park bench', 'pill bottle', 'pillow', 'plastic bag', 'plunger', 'power drill', 'printer', 'racket', 'ruler', 'safety pin', 'salt shaker', 'sandal', 'screw', 'shovel', 'space heater', 'spatula', 'speaker', 'strainer', 'sunglasses', 'teddy bear', 'television', 'umbrella', 'vase', 'wallet', 'waste container', 'water bottle', 'whistle']"
76,887da67feaa64ee.png,150,ruler,umbrella,6.844,6b9ce97f650846fc,True,"['Band-Aid', 'T-shirt', 'backpack', 'banana', 'cleaver', 'clothes iron', 'coffee mug', 'computer mouse', 'digital watch', 'doormat', 'dumbbell', 'envelope', 'hair dryer', 'hammer', 'lampshade', 'lemon', 'lipstick', 'match', 'mobile phone', 'necklace', 'padlock', 'paintbrush', 'paper towel', 'park bench', 'pill bottle', 'pillow', 'plastic bag', 'plunger', 'power drill', 'printer', 'racket', 'ruler', 'safety pin', 'salt shaker', 'sandal', 'screw', 'shovel', 'space heater', 'spatula', 'speaker', 'strainer', 'sunglasses', 'teddy bear', 'television', 'umbrella', 'vase', 'wallet', 'waste container', 'water bottle', 'whistle']"
77,0b6926880ba14fc.png,10000,cleaver,cleaver,17.438,207e9f22b3c5b64b,True,"['Band-Aid', 'T-shirt', 'backpack', 'banana', 'cleaver', 'clothes iron', 'coffee mug', 'computer mouse', 'digital watch', 'doormat', 'dumbbell', 'envelope', 'hair dryer', 'hammer', 'lampshade', 'lemon', 'lipstick', 'match', 'mobile phone', 'necklace', 'padlock', 'paintbrush', 'paper towel', 'park bench', 'pill bottle', 'pillow', 'plastic bag', 'plunger', 'power drill', 'printer', 'racket', 'ruler', 'safety pin', 'salt shaker', 'sandal', 'screw', 'shovel', 'space heater', 'spatula', 'speaker', 'strainer', 'sunglasses', 'teddy bear', 'television', 'umbrella', 'vase', 'wallet', 'waste container', 'water bottle', 'whistle']"
78,ILSVRC2012_val_00049896.JPEG,150,Band-Aid,racket,5.506,104621f016dd1f05,False,"['Band-Aid', 'T-shirt', 'backpack', 'banana', 'cleaver', 'clothes iron', 'coffee mug', 'computer mouse', 'digital watch', 'doormat', 'dumbbell', 'envelope', 'hair dryer', 'hammer', 'lampshade', 'lemon', 'lipstick', 'match', 'mobile phone', 'necklace', 'padlock', 'paintbrush', 'paper towel', 'park bench', 'pill bottle', 'pillow', 'plastic bag', 'plunger', 'power drill', 'printer', 'racket', 'ruler', 'safety pin', 'salt shaker', 'sandal', 'screw', 'shovel', 'space heater', 'spatula', 'speaker', 'strainer', 'sunglasses', 'teddy bear', 'television', 'umbrella', 'vase', 'wallet', 'waste container', 'water bottle', 'whistle']"
79,ILSVRC2012_val_00011969.JPEG,50,plunger,hammer,37.312,7b54019b395d6a91,False,"['Band-Aid', 'T-shirt', 'backpack', 'banana', 'cleaver', 'clothes iron', 'coffee mug', 'computer mouse', 'digital watch', 'doormat', 'dumbbell', 'envelope', 'hair dryer', 'hammer', 'lampshade', 'lemon', 'lipstick', 'match', 'mobile phone', 'necklace', 'padlock', 'paintbrush', 'paper towel', 'park bench', 'pill bottle', 'pillow', 'plastic bag', 'plunger', 'power drill', 'printer', 'racket', 'ruler', 'safety pin', 'salt shaker', 'sandal', 'screw', 'shovel', 'space heater', 'spatula', 'speaker', 'strainer', 'sunglasses', 'teddy bear', 'television', 'umbrella', 'vase', 'wallet', 'waste container', 'water bottle', 'whistle']"
80,ILSVRC2012_val_00009084.JPEG,17,coffee mug,screw,24.876,ea129cbf1a5c88b9,False,"['Band-Aid', 'T-shirt', 'backpack', 'banana', 'cleaver', 'clothes iron', 'coffee mug', 'computer mouse', 'digital watch', 'doormat', 'dumbbell', 'envelope', 'hair dryer', 'hammer', 'lampshade', 'lemon', 'lipstick', 'match', 'mobile phone', 'necklace', 'padlock', 'paintbrush', 'paper towel', 'park bench', 'pill bottle', 'pillow', 'plastic bag', 'plunger', 'power drill', 'printer', 'racket', 'ruler', 'safety pin', 'salt shaker', 'sandal', 'screw', 'shovel', 'space heater', 'spatula', 'speaker', 'strainer', 'sunglasses', 'teddy bear', 'television', 'umbrella', 'vase', 'wallet', 'waste container', 'water bottle', 'whistle']"
81,039b08c53fc441f.png,150,lipstick,lipstick,46.186,4ecb8eafe24b2b73,True,"['Band-Aid', 'T-shirt', 'backpack', 'banana', 'cleaver', 'clothes iron', 'coffee mug', 'computer mouse', 'digital watch', 'doormat', 'dumbbell', 'envelope', 'hair dryer', 'hammer', 'lampshade', 'lemon', 'lipstick', 'match', 'mobile phone', 'necklace', 'padlock', 'paintbrush', 'paper towel', 'park bench', 'pill bottle', 'pillow', 'plastic bag', 'plunger', 'power drill', 'printer', 'racket', 'ruler', 'safety pin', 'salt shaker', 'sandal', 'screw', 'shovel', 'space heater', 'spatula', 'speaker', 'strainer', 'sunglasses', 'teddy bear', 'television', 'umbrella', 'vase', 'wallet', 'waste container', 'water bottle', 'whistle']"
82,ea06ef475dbf483.png,50,plunger,computer mouse,2.429,965f604ef8e057e2,True,"['Band-Aid', 'T-shirt', 'backpack', 'banana', 'cleaver', 'clothes iron', 'coffee mug', 'computer mouse', 'digital watch', 'doormat', 'dumbbell', 'envelope', 'hair dryer', 'hammer', 'lampshade', 'lemon', 'lipstick', 'match', 'mobile phone', 'necklace', 'padlock', 'paintbrush', 'paper towel', 'park bench', 'pill bottle', 'pillow', 'plastic bag', 'plunger', 'power drill', 'printer', 'racket', 'ruler', 'safety pin', 'salt shaker', 'sandal', 'screw', 'shovel', 'space heater', 'spatula', 'speaker', 'strainer', 'sunglasses', 'teddy bear', 'television', 'umbrella', 'vase', 'wallet', 'waste container', 'water bottle', 'whistle']"
83,4039a99a78cf430.png,17,salt shaker,lampshade,101.102,9d9eb2b8a687d369,True,"['Band-Aid', 'T-shirt', 'backpack', 'banana', 'cleaver', 'clothes iron', 'coffee mug', 'computer mouse', 'digital watch', 'doormat', 'dumbbell', 'envelope', 'hair dryer', 'hammer', 'lampshade', 'lemon', 'lipstick', 'match', 'mobile phone', 'necklace', 'padlock', 'paintbrush', 'paper towel', 'park bench', 'pill bottle', 'pillow', 'plastic bag', 'plunger', 'power drill', 'printer', 'racket', 'ruler', 'safety pin', 'salt shaker', 'sandal', 'screw', 'shovel', 'space heater', 'spatula', 'speaker', 'strainer', 'sunglasses', 'teddy bear', 'television', 'umbrella', 'vase', 'wallet', 'waste container', 'water bottle', 'whistle']"
84,ILSVRC2012_val_00023605.JPEG,150,sunglasses,sunglasses,5.425,b09120dcf2f59123,False,"['Band-Aid', 'T-shirt', 'backpack', 'banana', 'cleaver', 'clothes iron', 'coffee mug', 'computer mouse', 'digital watch', 'doormat', 'dumbbell', 'envelope', 'hair dryer', 'hammer', 'lampshade', 'lemon', 'lipstick', 'match', 'mobile phone', 'necklace', 'padlock', 'paintbrush', 'paper towel', 'park bench', 'pill bottle', 'pillow', 'plastic bag', 'plunger', 'power drill', 'printer', 'racket', 'ruler', 'safety pin', 'salt shaker', 'sandal', 'screw', 'shovel', 'space heater', 'spatula', 'speaker', 'strainer', 'sunglasses', 'teddy bear', 'television', 'umbrella', 'vase', 'wallet', 'waste container', 'water bottle', 'whistle']"
85,ILSVRC2012_val_00015441.JPEG,10000,lampshade,vase,55.462,59bc09fd572d429f,False,"['Band-Aid', 'T-shirt', 'backpack', 'banana', 'cleaver', 'clothes iron', 'coffee mug', 'computer mouse', 'digital watch', 'doormat', 'dumbbell', 'envelope', 'hair dryer', 'hammer', 'lampshade', 'lemon', 'lipstick', 'match', 'mobile phone', 'necklace', 'padlock', 'paintbrush', 'paper towel', 'park bench', 'pill bottle', 'pillow', 'plastic bag', 'plunger', 'power drill', 'printer', 'racket', 'ruler', 'safety pin', 'salt shaker', 'sandal', 'screw', 'shovel', 'space heater', 'spatula', 'speaker', 'strainer', 'sunglasses', 'teddy bear', 'television', 'umbrella', 'vase', 'wallet', 'waste container', 'water bottle', 'whistle']"
86,0e4a8812fe524aa.png,150,plastic bag,plastic bag,6.472,d5e7b2484777ecb4,True,"['Band-Aid', 'T-shirt', 'backpack', 'banana', 'cleaver', 'clothes iron', 'coffee mug', 'computer mouse', 'digital watch', 'doormat', 'dumbbell', 'envelope', 'hair dryer', 'hammer', 'lampshade', 'lemon', 'lipstick', 'match', 'mobile phone', 'necklace', 'padlock', 'paintbrush', 'paper towel', 'park bench', 'pill bottle', 'pillow', 'plastic bag', 'plunger', 'power drill', 'printer', 'racket', 'ruler', 'safety pin', 'salt shaker', 'sandal', 'screw', 'shovel', 'space heater', 'spatula', 'speaker', 'strainer', 'sunglasses', 'teddy bear', 'television', 'umbrella', 'vase', 'wallet', 'waste container', 'water bottle', 'whistle']"
87,ILSVRC2012_val_00031039.JPEG,150,lampshade,lampshade,23.968,9ede469770e5fec7,False,"['Band-Aid', 'T-shirt', 'backpack', 'banana', 'cleaver', 'clothes iron', 'coffee mug', 'computer mouse', 'digital watch', 'doormat', 'dumbbell', 'envelope', 'hair dryer', 'hammer', 'lampshade', 'lemon', 'lipstick', 'match', 'mobile phone', 'necklace', 'padlock', 'paintbrush', 'paper towel', 'park bench', 'pill bottle', 'pillow', 'plastic bag', 'plunger', 'power drill', 'printer', 'racket', 'ruler', 'safety pin', 'salt shaker', 'sandal', 'screw', 'shovel', 'space heater', 'spatula', 'speaker', 'strainer', 'sunglasses', 'teddy bear', 'television', 'umbrella', 'vase', 'wallet', 'waste container', 'water bottle', 'whistle']"
88,ILSVRC2012_val_00023605.JPEG,150,sunglasses,sunglasses,10.784,bc8e84dfec2fe7b9,False,"['Band-Aid', 'T-shirt', 'backpack', 'banana', 'cleaver', 'clothes iron', 'coffee mug', 'computer mouse', 'digital watch', 'doormat', 'dumbbell', 'envelope', 'hair dryer', 'hammer', 'lampshade', 'lemon', 'lipstick', 'match', 'mobile phone', 'necklace', 'padlock', 'paintbrush', 'paper towel', 'park bench', 'pill bottle', 'pillow', 'plastic bag', 'plunger', 'power drill', 'printer', 'racket', 'ruler', 'safety pin', 'salt shaker', 'sandal', 'screw', 'shovel', 'space heater', 'spatula', 'speaker', 'strainer', 'sunglasses', 'teddy bear', 'television', 'umbrella', 'vase', 'wallet', 'waste container', 'water bottle', 'whistle']"
89,a4d086a54ddf487.png,150,sunglasses,racket,1.152,cb0abe5a34ef2082,True,"['Band-Aid', 'T-shirt', 'backpack', 'banana', 'cleaver', 'clothes iron', 'coffee mug', 'computer mouse', 'digital watch', 'doormat', 'dumbbell', 'envelope', 'hair dryer', 'hammer', 'lampshade', 'lemon', 'lipstick', 'match', 'mobile phone', 'necklace', 'padlock', 'paintbrush', 'paper towel', 'park bench', 'pill bottle', 'pillow', 'plastic bag', 'plunger', 'power drill', 'printer', 'racket', 'ruler', 'safety pin', 'salt shaker', 'sandal', 'screw', 'shovel', 'space heater', 'spatula', 'speaker', 'strainer', 'sunglasses', 'teddy bear', 'television', 'umbrella', 'vase', 'wallet', 'waste container', 'water bottle', 'whistle']"
90,ILSVRC2012_val_00031848.JPEG,10000,spatula,spatula,5.469,cffed029822d63b9,False,"['Band-Aid', 'T-shirt', 'backpack', 'banana', 'cleaver', 'clothes iron', 'coffee mug', 'computer mouse', 'digital watch', 'doormat', 'dumbbell', 'envelope', 'hair dryer', 'hammer', 'lampshade', 'lemon', 'lipstick', 'match', 'mobile phone', 'necklace', 'padlock', 'paintbrush', 'paper towel', 'park bench', 'pill bottle', 'pillow', 'plastic bag', 'plunger', 'power drill', 'printer', 'racket', 'ruler', 'safety pin', 'salt shaker', 'sandal', 'screw', 'shovel', 'space heater', 'spatula', 'speaker', 'strainer', 'sunglasses', 'teddy bear', 'television', 'umbrella', 'vase', 'wallet', 'waste container', 'water bottle', 'whistle']"
91,ILSVRC2012_val_00003427.JPEG,150,shovel,shovel,6.594,9a58df81368abc86,False,"['Band-Aid', 'T-shirt', 'backpack', 'banana', 'cleaver', 'clothes iron', 'coffee mug', 'computer mouse', 'digital watch', 'doormat', 'dumbbell', 'envelope', 'hair dryer', 'hammer', 'lampshade', 'lemon', 'lipstick', 'match', 'mobile phone', 'necklace', 'padlock', 'paintbrush', 'paper towel', 'park bench', 'pill bottle', 'pillow', 'plastic bag', 'plunger', 'power drill', 'printer', 'racket', 'ruler', 'safety pin', 'salt shaker', 'sandal', 'screw', 'shovel', 'space heater', 'spatula', 'speaker', 'strainer', 'sunglasses', 'teddy bear', 'television', 'umbrella', 'vase', 'wallet', 'waste container', 'water bottle', 'whistle']"
92,ILSVRC2012_val_00001287.JPEG,10000,dumbbell,dumbbell,5.095,d0b32ea003c19885,False,"['Band-Aid', 'T-shirt', 'backpack', 'banana', 'cleaver', 'clothes iron', 'coffee mug', 'computer mouse', 'digital watch', 'doormat', 'dumbbell', 'envelope', 'hair dryer', 'hammer', 'lampshade', 'lemon', 'lipstick', 'match', 'mobile phone', 'necklace', 'padlock', 'paintbrush', 'paper towel', 'park bench', 'pill bottle', 'pillow', 'plastic bag', 'plunger', 'power drill', 'printer', 'racket', 'ruler', 'safety pin', 'salt shaker', 'sandal', 'screw', 'shovel', 'space heater', 'spatula', 'speaker', 'strainer', 'sunglasses', 'teddy bear', 'television', 'umbrella', 'vase', 'wallet', 'waste container', 'water bottle', 'whistle']"
93,27e0f28aced944f.png,17,cleaver,paintbrush,99.684,374e3d3b2fbf63d7,True,"['Band-Aid', 'T-shirt', 'backpack', 'banana', 'cleaver', 'clothes iron', 'coffee mug', 'computer mouse', 'digital watch', 'doormat', 'dumbbell', 'envelope', 'hair dryer', 'hammer', 'lampshade', 'lemon', 'lipstick', 'match', 'mobile phone', 'necklace', 'padlock', 'paintbrush', 'paper towel', 'park bench', 'pill bottle', 'pillow', 'plastic bag', 'plunger', 'power drill', 'printer', 'racket', 'ruler', 'safety pin', 'salt shaker', 'sandal', 'screw', 'shovel', 'space heater', 'spatula', 'speaker', 'strainer', 'sunglasses', 'teddy bear', 'television', 'umbrella', 'vase', 'wallet', 'waste container', 'water bottle', 'whistle']"
94,ILSVRC2012_val_00006617.JPEG,150,waste container,waste container,7.122,ff4caa61267a7fbf,False,"['Band-Aid', 'T-shirt', 'backpack', 'banana', 'cleaver', 'clothes iron', 'coffee mug', 'computer mouse', 'digital watch', 'doormat', 'dumbbell', 'envelope', 'hair dryer', 'hammer', 'lampshade', 'lemon', 'lipstick', 'match', 'mobile phone', 'necklace', 'padlock', 'paintbrush', 'paper towel', 'park bench', 'pill bottle', 'pillow', 'plastic bag', 'plunger', 'power drill', 'printer', 'racket', 'ruler', 'safety pin', 'salt shaker', 'sandal', 'screw', 'shovel', 'space heater', 'spatula', 'speaker', 'strainer', 'sunglasses', 'teddy bear', 'television', 'umbrella', 'vase', 'wallet', 'waste container', 'water bottle', 'whistle']"
95,ILSVRC2012_val_00043436.JPEG,50,clothes iron,clothes iron,5.217,bc8e84dfec2fe7b9,False,"['Band-Aid', 'T-shirt', 'backpack', 'banana', 'cleaver', 'clothes iron', 'coffee mug', 'computer mouse', 'digital watch', 'doormat', 'dumbbell', 'envelope', 'hair dryer', 'hammer', 'lampshade', 'lemon', 'lipstick', 'match', 'mobile phone', 'necklace', 'padlock', 'paintbrush', 'paper towel', 'park bench', 'pill bottle', 'pillow', 'plastic bag', 'plunger', 'power drill', 'printer', 'racket', 'ruler', 'safety pin', 'salt shaker', 'sandal', 'screw', 'shovel', 'space heater', 'spatula', 'speaker', 'strainer', 'sunglasses', 'teddy bear', 'television', 'umbrella', 'vase', 'wallet', 'waste container', 'water bottle', 'whistle']"
96,ILSVRC2012_val_00047091.JPEG,150,clothes iron,clothes iron,8.643,39bbcfd09f67a71e,False,"['Band-Aid', 'T-shirt', 'backpack', 'banana', 'cleaver', 'clothes iron', 'coffee mug', 'computer mouse', 'digital watch', 'doormat', 'dumbbell', 'envelope', 'hair dryer', 'hammer', 'lampshade', 'lemon', 'lipstick', 'match', 'mobile phone', 'necklace', 'padlock', 'paintbrush', 'paper towel', 'park bench', 'pill bottle', 'pillow', 'plastic bag', 'plunger', 'power drill', 'printer', 'racket', 'ruler', 'safety pin', 'salt shaker', 'sandal', 'screw', 'shovel', 'space heater', 'spatula', 'speaker', 'strainer', 'sunglasses', 'teddy bear', 'television', 'umbrella', 'vase', 'wallet', 'waste container', 'water bottle', 'whistle']"
97,6f8f6a2c7cd9427.png,17,racket,lampshade,77.269,aedc4efc9c563bec,True,"['Band-Aid', 'T-shirt', 'backpack', 'banana', 'cleaver', 'clothes iron', 'coffee mug', 'computer mouse', 'digital watch', 'doormat', 'dumbbell', 'envelope', 'hair dryer', 'hammer', 'lampshade', 'lemon', 'lipstick', 'match', 'mobile phone', 'necklace', 'padlock', 'paintbrush', 'paper towel', 'park bench', 'pill bottle', 'pillow', 'plastic bag', 'plunger', 'power drill', 'printer', 'racket', 'ruler', 'safety pin', 'salt shaker', 'sandal', 'screw', 'shovel', 'space heater', 'spatula', 'speaker', 'strainer', 'sunglasses', 'teddy bear', 'television', 'umbrella', 'vase', 'wallet', 'waste container', 'water bottle', 'whistle']"
98,ILSVRC2012_val_00018373.JPEG,50,ruler,doormat,19.239,9760a505eb58e753,False,"['Band-Aid', 'T-shirt', 'backpack', 'banana', 'cleaver', 'clothes iron', 'coffee mug', 'computer mouse', 'digital watch', 'doormat', 'dumbbell', 'envelope', 'hair dryer', 'hammer', 'lampshade', 'lemon', 'lipstick', 'match', 'mobile phone', 'necklace', 'padlock', 'paintbrush', 'paper towel', 'park bench', 'pill bottle', 'pillow', 'plastic bag', 'plunger', 'power drill', 'printer', 'racket', 'ruler', 'safety pin', 'salt shaker', 'sandal', 'screw', 'shovel', 'space heater', 'spatula', 'speaker', 'strainer', 'sunglasses', 'teddy bear', 'television', 'umbrella', 'vase', 'wallet', 'waste container', 'water bottle', 'whistle']"
99,ILSVRC2012_val_00038061.JPEG,150,sunglasses,sunglasses,29.006,3a9228c1f502f269,False,"['Band-Aid', 'T-shirt', 'backpack', 'banana', 'cleaver', 'clothes iron', 'coffee mug', 'computer mouse', 'digital watch', 'doormat', 'dumbbell', 'envelope', 'hair dryer', 'hammer', 'lampshade', 'lemon', 'lipstick', 'match', 'mobile phone', 'necklace', 'padlock', 'paintbrush', 'paper towel', 'park bench', 'pill bottle', 'pillow', 'plastic bag', 'plunger', 'power drill', 'printer', 'racket', 'ruler', 'safety pin', 'salt shaker', 'sandal', 'screw', 'shovel', 'space heater', 'spatula', 'speaker', 'strainer', 'sunglasses', 'teddy bear', 'television', 'umbrella', 'vase', 'wallet', 'waste container', 'water bottle', 'whistle']"
100,9dc07cae0beb43d.png,50,doormat,wallet,22.143,538fba8b60d9513d,True,"['Band-Aid', 'T-shirt', 'backpack', 'banana', 'cleaver', 'clothes iron', 'coffee mug', 'computer mouse', 'digital watch', 'doormat', 'dumbbell', 'envelope', 'hair dryer', 'hammer', 'lampshade', 'lemon', 'lipstick', 'match', 'mobile phone', 'necklace', 'padlock', 'paintbrush', 'paper towel', 'park bench', 'pill bottle', 'pillow', 'plastic bag', 'plunger', 'power drill', 'printer', 'racket', 'ruler', 'safety pin', 'salt shaker', 'sandal', 'screw', 'shovel', 'space heater', 'spatula', 'speaker', 'strainer', 'sunglasses', 'teddy bear', 'television', 'umbrella', 'vase', 'wallet', 'waste container', 'water bottle', 'whistle']"
101,f9db630101074a1.png,50,space heater,lampshade,90.822,be47bd7e6ee133dd,True,"['Band-Aid', 'T-shirt', 'backpack', 'banana', 'cleaver', 'clothes iron', 'coffee mug', 'computer mouse', 'digital watch', 'doormat', 'dumbbell', 'envelope', 'hair dryer', 'hammer', 'lampshade', 'lemon', 'lipstick', 'match', 'mobile phone', 'necklace', 'padlock', 'paintbrush', 'paper towel', 'park bench', 'pill bottle', 'pillow', 'plastic bag', 'plunger', 'power drill', 'printer', 'racket', 'ruler', 'safety pin', 'salt shaker', 'sandal', 'screw', 'shovel', 'space heater', 'spatula', 'speaker', 'strainer', 'sunglasses', 'teddy bear', 'television', 'umbrella', 'vase', 'wallet', 'waste container', 'water bottle', 'whistle']"
102,9dc07cae0beb43d.png,50,doormat,envelope,18.392,d386dc41572ae3be,True,"['Band-Aid', 'T-shirt', 'backpack', 'banana', 'cleaver', 'clothes iron', 'coffee mug', 'computer mouse', 'digital watch', 'doormat', 'dumbbell', 'envelope', 'hair dryer', 'hammer', 'lampshade', 'lemon', 'lipstick', 'match', 'mobile phone', 'necklace', 'padlock', 'paintbrush', 'paper towel', 'park bench', 'pill bottle', 'pillow', 'plastic bag', 'plunger', 'power drill', 'printer', 'racket', 'ruler', 'safety pin', 'salt shaker', 'sandal', 'screw', 'shovel', 'space heater', 'spatula', 'speaker', 'strainer', 'sunglasses', 'teddy bear', 'television', 'umbrella', 'vase', 'wallet', 'waste container', 'water bottle', 'whistle']"
103,ILSVRC2012_val_00013313.JPEG,150,hair dryer,hair dryer,24.123,2ba4ae475ea3780f,False,"['Band-Aid', 'T-shirt', 'backpack', 'banana', 'cleaver', 'clothes iron', 'coffee mug', 'computer mouse', 'digital watch', 'doormat', 'dumbbell', 'envelope', 'hair dryer', 'hammer', 'lampshade', 'lemon', 'lipstick', 'match', 'mobile phone', 'necklace', 'padlock', 'paintbrush', 'paper towel', 'park bench', 'pill bottle', 'pillow', 'plastic bag', 'plunger', 'power drill', 'printer', 'racket', 'ruler', 'safety pin', 'salt shaker', 'sandal', 'screw', 'shovel', 'space heater', 'spatula', 'speaker', 'strainer', 'sunglasses', 'teddy bear', 'television', 'umbrella', 'vase', 'wallet', 'waste container', 'water bottle', 'whistle']"
104,ILSVRC2012_val_00012501.JPEG,17,pillow,speaker,226.801,806f37962336c72f,False,"['Band-Aid', 'T-shirt', 'backpack', 'banana', 'cleaver', 'clothes iron', 'coffee mug', 'computer mouse', 'digital watch', 'doormat', 'dumbbell', 'envelope', 'hair dryer', 'hammer', 'lampshade', 'lemon', 'lipstick', 'match', 'mobile phone', 'necklace', 'padlock', 'paintbrush', 'paper towel', 'park bench', 'pill bottle', 'pillow', 'plastic bag', 'plunger', 'power drill', 'printer', 'racket', 'ruler', 'safety pin', 'salt shaker', 'sandal', 'screw', 'shovel', 'space heater', 'spatula', 'speaker', 'strainer', 'sunglasses', 'teddy bear', 'television', 'umbrella', 'vase', 'wallet', 'waste container', 'water bottle', 'whistle']"
105,b9bd6225c926412.png,17,clothes iron,spatula,14.436,8983060ad6e76551,True,"['Band-Aid', 'T-shirt', 'backpack', 'banana', 'cleaver', 'clothes iron', 'coffee mug', 'computer mouse', 'digital watch', 'doormat', 'dumbbell', 'envelope', 'hair dryer', 'hammer', 'lampshade', 'lemon', 'lipstick', 'match', 'mobile phone', 'necklace', 'padlock', 'paintbrush', 'paper towel', 'park bench', 'pill bottle', 'pillow', 'plastic bag', 'plunger', 'power drill', 'printer', 'racket', 'ruler', 'safety pin', 'salt shaker', 'sandal', 'screw', 'shovel', 'space heater', 'spatula', 'speaker', 'strainer', 'sunglasses', 'teddy bear', 'television', 'umbrella', 'vase', 'wallet', 'waste container', 'water bottle', 'whistle']"
106,ILSVRC2012_val_00038061.JPEG,150,sunglasses,sunglasses,13.427,bc436286cc8f47a7,False,"['Band-Aid', 'T-shirt', 'backpack', 'banana', 'cleaver', 'clothes iron', 'coffee mug', 'computer mouse', 'digital watch', 'doormat', 'dumbbell', 'envelope', 'hair dryer', 'hammer', 'lampshade', 'lemon', 'lipstick', 'match', 'mobile phone', 'necklace', 'padlock', 'paintbrush', 'paper towel', 'park bench', 'pill bottle', 'pillow', 'plastic bag', 'plunger', 'power drill', 'printer', 'racket', 'ruler', 'safety pin', 'salt shaker', 'sandal', 'screw', 'shovel', 'space heater', 'spatula', 'speaker', 'strainer', 'sunglasses', 'teddy bear', 'television', 'umbrella', 'vase', 'wallet', 'waste container', 'water bottle', 'whistle']"
107,e5944f94822348b.png,50,coffee mug,space heater,96.359,d7ec00f4e68bceec,True,"['Band-Aid', 'T-shirt', 'backpack', 'banana', 'cleaver', 'clothes iron', 'coffee mug', 'computer mouse', 'digital watch', 'doormat', 'dumbbell', 'envelope', 'hair dryer', 'hammer', 'lampshade', 'lemon', 'lipstick', 'match', 'mobile phone', 'necklace', 'padlock', 'paintbrush', 'paper towel', 'park bench', 'pill bottle', 'pillow', 'plastic bag', 'plunger', 'power drill', 'printer', 'racket', 'ruler', 'safety pin', 'salt shaker', 'sandal', 'screw', 'shovel', 'space heater', 'spatula', 'speaker', 'strainer', 'sunglasses', 'teddy bear', 'television', 'umbrella', 'vase', 'wallet', 'waste container', 'water bottle', 'whistle']"
108,4da128b4818e4b5.png,50,speaker,Band-Aid,1.884,f784d622a251479a,True,"['Band-Aid', 'T-shirt', 'backpack', 'banana', 'cleaver', 'clothes iron', 'coffee mug', 'computer mouse', 'digital watch', 'doormat', 'dumbbell', 'envelope', 'hair dryer', 'hammer', 'lampshade', 'lemon', 'lipstick', 'match', 'mobile phone', 'necklace', 'padlock', 'paintbrush', 'paper towel', 'park bench', 'pill bottle', 'pillow', 'plastic bag', 'plunger', 'power drill', 'printer', 'racket', 'ruler', 'safety pin', 'salt shaker', 'sandal', 'screw', 'shovel', 'space heater', 'spatula', 'speaker', 'strainer', 'sunglasses', 'teddy bear', 'television', 'umbrella', 'vase', 'wallet', 'waste container', 'water bottle', 'whistle']"
109,2e63e771fd084e9.png,17,umbrella,pill bottle,3.634,61c7da131190019d,True,"['Band-Aid', 'T-shirt', 'backpack', 'banana', 'cleaver', 'clothes iron', 'coffee mug', 'computer mouse', 'digital watch', 'doormat', 'dumbbell', 'envelope', 'hair dryer', 'hammer', 'lampshade', 'lemon', 'lipstick', 'match', 'mobile phone', 'necklace', 'padlock', 'paintbrush', 'paper towel', 'park bench', 'pill bottle', 'pillow', 'plastic bag', 'plunger', 'power drill', 'printer', 'racket', 'ruler', 'safety pin', 'salt shaker', 'sandal', 'screw', 'shovel', 'space heater', 'spatula', 'speaker', 'strainer', 'sunglasses', 'teddy bear', 'television', 'umbrella', 'vase', 'wallet', 'waste container', 'water bottle', 'whistle']"
110,ILSVRC2012_val_00035328.JPEG,150,envelope,hair dryer,3.9,10471223d05a4f51,False,"['Band-Aid', 'T-shirt', 'backpack', 'banana', 'cleaver', 'clothes iron', 'coffee mug', 'computer mouse', 'digital watch', 'doormat', 'dumbbell', 'envelope', 'hair dryer', 'hammer', 'lampshade', 'lemon', 'lipstick', 'match', 'mobile phone', 'necklace', 'padlock', 'paintbrush', 'paper towel', 'park bench', 'pill bottle', 'pillow', 'plastic bag', 'plunger', 'power drill', 'printer', 'racket', 'ruler', 'safety pin', 'salt shaker', 'sandal', 'screw', 'shovel', 'space heater', 'spatula', 'speaker', 'strainer', 'sunglasses', 'teddy bear', 'television', 'umbrella', 'vase', 'wallet', 'waste container', 'water bottle', 'whistle']"
111,ILSVRC2012_val_00042715.JPEG,50,shovel,shovel,29.096,134a08048a6b6813,False,"['Band-Aid', 'T-shirt', 'backpack', 'banana', 'cleaver', 'clothes iron', 'coffee mug', 'computer mouse', 'digital watch', 'doormat', 'dumbbell', 'envelope', 'hair dryer', 'hammer', 'lampshade', 'lemon', 'lipstick', 'match', 'mobile phone', 'necklace', 'padlock', 'paintbrush', 'paper towel', 'park bench', 'pill bottle', 'pillow', 'plastic bag', 'plunger', 'power drill', 'printer', 'racket', 'ruler', 'safety pin', 'salt shaker', 'sandal', 'screw', 'shovel', 'space heater', 'spatula', 'speaker', 'strainer', 'sunglasses', 'teddy bear', 'television', 'umbrella', 'vase', 'wallet', 'waste container', 'water bottle', 'whistle']"
112,c16d55ae046b4c3.png,150,envelope,cleaver,17.231,8cd3ecae9453ed17,True,"['Band-Aid', 'T-shirt', 'backpack', 'banana', 'cleaver', 'clothes iron', 'coffee mug', 'computer mouse', 'digital watch', 'doormat', 'dumbbell', 'envelope', 'hair dryer', 'hammer', 'lampshade', 'lemon', 'lipstick', 'match', 'mobile phone', 'necklace', 'padlock', 'paintbrush', 'paper towel', 'park bench', 'pill bottle', 'pillow', 'plastic bag', 'plunger', 'power drill', 'printer', 'racket', 'ruler', 'safety pin', 'salt shaker', 'sandal', 'screw', 'shovel', 'space heater', 'spatula', 'speaker', 'strainer', 'sunglasses', 'teddy bear', 'television', 'umbrella', 'vase', 'wallet', 'waste container', 'water bottle', 'whistle']"
113,e0ae112b941043b.png,10000,necklace,necklace,1.754,7a189ddf5c9db161,True,"['Band-Aid', 'T-shirt', 'backpack', 'banana', 'cleaver', 'clothes iron', 'coffee mug', 'computer mouse', 'digital watch', 'doormat', 'dumbbell', 'envelope', 'hair dryer', 'hammer', 'lampshade', 'lemon', 'lipstick', 'match', 'mobile phone', 'necklace', 'padlock', 'paintbrush', 'paper towel', 'park bench', 'pill bottle', 'pillow', 'plastic bag', 'plunger', 'power drill', 'printer', 'racket', 'ruler', 'safety pin', 'salt shaker', 'sandal', 'screw', 'shovel', 'space heater', 'spatula', 'speaker', 'strainer', 'sunglasses', 'teddy bear', 'television', 'umbrella', 'vase', 'wallet', 'waste container', 'water bottle', 'whistle']"
114,5e939cb8f7724d5.png,17,lipstick,water bottle,20.888,896d8e6a6624eb87,True,"['Band-Aid', 'T-shirt', 'backpack', 'banana', 'cleaver', 'clothes iron', 'coffee mug', 'computer mouse', 'digital watch', 'doormat', 'dumbbell', 'envelope', 'hair dryer', 'hammer', 'lampshade', 'lemon', 'lipstick', 'match', 'mobile phone', 'necklace', 'padlock', 'paintbrush', 'paper towel', 'park bench', 'pill bottle', 'pillow', 'plastic bag', 'plunger', 'power drill', 'printer', 'racket', 'ruler', 'safety pin', 'salt shaker', 'sandal', 'screw', 'shovel', 'space heater', 'spatula', 'speaker', 'strainer', 'sunglasses', 'teddy bear', 'television', 'umbrella', 'vase', 'wallet', 'waste container', 'water bottle', 'whistle']"
115,4f44fea9baf4400.png,150,hammer,whistle,11.182,3f73cd1134c5c2d1,True,"['Band-Aid', 'T-shirt', 'backpack', 'banana', 'cleaver', 'clothes iron', 'coffee mug', 'computer mouse', 'digital watch', 'doormat', 'dumbbell', 'envelope', 'hair dryer', 'hammer', 'lampshade', 'lemon', 'lipstick', 'match', 'mobile phone', 'necklace', 'padlock', 'paintbrush', 'paper towel', 'park bench', 'pill bottle', 'pillow', 'plastic bag', 'plunger', 'power drill', 'printer', 'racket', 'ruler', 'safety pin', 'salt shaker', 'sandal', 'screw', 'shovel', 'space heater', 'spatula', 'speaker', 'strainer', 'sunglasses', 'teddy bear', 'television', 'umbrella', 'vase', 'wallet', 'waste container', 'water bottle', 'whistle']"
116,ec88766f7b7c439.png,50,screw,screw,13.909,7a940c4ddd2e1917,True,"['Band-Aid', 'T-shirt', 'backpack', 'banana', 'cleaver', 'clothes iron', 'coffee mug', 'computer mouse', 'digital watch', 'doormat', 'dumbbell', 'envelope', 'hair dryer', 'hammer', 'lampshade', 'lemon', 'lipstick', 'match', 'mobile phone', 'necklace', 'padlock', 'paintbrush', 'paper towel', 'park bench', 'pill bottle', 'pillow', 'plastic bag', 'plunger', 'power drill', 'printer', 'racket', 'ruler', 'safety pin', 'salt shaker', 'sandal', 'screw', 'shovel', 'space heater', 'spatula', 'speaker', 'strainer', 'sunglasses', 'teddy bear', 'television', 'umbrella', 'vase', 'wallet', 'waste container', 'water bottle', 'whistle']"
117,ec88766f7b7c439.png,50,screw,wallet,16.259,fdeac6fe08c9963b,True,"['Band-Aid', 'T-shirt', 'backpack', 'banana', 'cleaver', 'clothes iron', 'coffee mug', 'computer mouse', 'digital watch', 'doormat', 'dumbbell', 'envelope', 'hair dryer', 'hammer', 'lampshade', 'lemon', 'lipstick', 'match', 'mobile phone', 'necklace', 'padlock', 'paintbrush', 'paper towel', 'park bench', 'pill bottle', 'pillow', 'plastic bag', 'plunger', 'power drill', 'printer', 'racket', 'ruler', 'safety pin', 'salt shaker', 'sandal', 'screw', 'shovel', 'space heater', 'spatula', 'speaker', 'strainer', 'sunglasses', 'teddy bear', 'television', 'umbrella', 'vase', 'wallet', 'waste container', 'water bottle', 'whistle']"
118,c16d55ae046b4c3.png,150,envelope,cleaver,3.691,d0b32ea003c19885,True,"['Band-Aid', 'T-shirt', 'backpack', 'banana', 'cleaver', 'clothes iron', 'coffee mug', 'computer mouse', 'digital watch', 'doormat', 'dumbbell', 'envelope', 'hair dryer', 'hammer', 'lampshade', 'lemon', 'lipstick', 'match', 'mobile phone', 'necklace', 'padlock', 'paintbrush', 'paper towel', 'park bench', 'pill bottle', 'pillow', 'plastic bag', 'plunger', 'power drill', 'printer', 'racket', 'ruler', 'safety pin', 'salt shaker', 'sandal', 'screw', 'shovel', 'space heater', 'spatula', 'speaker', 'strainer', 'sunglasses', 'teddy bear', 'television', 'umbrella', 'vase', 'wallet', 'waste container', 'water bottle', 'whistle']"
119,ILSVRC2012_val_00029645.JPEG,150,lampshade,lampshade,25.567,df766aa775aba9e2,False,"['Band-Aid', 'T-shirt', 'backpack', 'banana', 'cleaver', 'clothes iron', 'coffee mug', 'computer mouse', 'digital watch', 'doormat', 'dumbbell', 'envelope', 'hair dryer', 'hammer', 'lampshade', 'lemon', 'lipstick', 'match', 'mobile phone', 'necklace', 'padlock', 'paintbrush', 'paper towel', 'park bench', 'pill bottle', 'pillow', 'plastic bag', 'plunger', 'power drill', 'printer', 'racket', 'ruler', 'safety pin', 'salt shaker', 'sandal', 'screw', 'shovel', 'space heater', 'spatula', 'speaker', 'strainer', 'sunglasses', 'teddy bear', 'television', 'umbrella', 'vase', 'wallet', 'waste container', 'water bottle', 'whistle']"
120,ff733ce59cc149f.png,150,waste container,vase,23.103,7a940c4ddd2e1917,True,"['Band-Aid', 'T-shirt', 'backpack', 'banana', 'cleaver', 'clothes iron', 'coffee mug', 'computer mouse', 'digital watch', 'doormat', 'dumbbell', 'envelope', 'hair dryer', 'hammer', 'lampshade', 'lemon', 'lipstick', 'match', 'mobile phone', 'necklace', 'padlock', 'paintbrush', 'paper towel', 'park bench', 'pill bottle', 'pillow', 'plastic bag', 'plunger', 'power drill', 'printer', 'racket', 'ruler', 'safety pin', 'salt shaker', 'sandal', 'screw', 'shovel', 'space heater', 'spatula', 'speaker', 'strainer', 'sunglasses', 'teddy bear', 'television', 'umbrella', 'vase', 'wallet', 'waste container', 'water bottle', 'whistle']"
121,ILSVRC2012_val_00009689.JPEG,150,printer,printer,35.393,ffb0bb836e9d1b10,False,"['Band-Aid', 'T-shirt', 'backpack', 'banana', 'cleaver', 'clothes iron', 'coffee mug', 'computer mouse', 'digital watch', 'doormat', 'dumbbell', 'envelope', 'hair dryer', 'hammer', 'lampshade', 'lemon', 'lipstick', 'match', 'mobile phone', 'necklace', 'padlock', 'paintbrush', 'paper towel', 'park bench', 'pill bottle', 'pillow', 'plastic bag', 'plunger', 'power drill', 'printer', 'racket', 'ruler', 'safety pin', 'salt shaker', 'sandal', 'screw', 'shovel', 'space heater', 'spatula', 'speaker', 'strainer', 'sunglasses', 'teddy bear', 'television', 'umbrella', 'vase', 'wallet', 'waste container', 'water bottle', 'whistle']"
122,e5a3e1d97c5242f.png,10000,clothes iron,clothes iron,3.016,f824452edc816c24,True,"['Band-Aid', 'T-shirt', 'backpack', 'banana', 'cleaver', 'clothes iron', 'coffee mug', 'computer mouse', 'digital watch', 'doormat', 'dumbbell', 'envelope', 'hair dryer', 'hammer', 'lampshade', 'lemon', 'lipstick', 'match', 'mobile phone', 'necklace', 'padlock', 'paintbrush', 'paper towel', 'park bench', 'pill bottle', 'pillow', 'plastic bag', 'plunger', 'power drill', 'printer', 'racket', 'ruler', 'safety pin', 'salt shaker', 'sandal', 'screw', 'shovel', 'space heater', 'spatula', 'speaker', 'strainer', 'sunglasses', 'teddy bear', 'television', 'umbrella', 'vase', 'wallet', 'waste container', 'water bottle', 'whistle']"
123,ILSVRC2012_val_00048941.JPEG,150,shovel,T-shirt,6.707,1e2f3d1d7afbeb5d,False,"['Band-Aid', 'T-shirt', 'backpack', 'banana', 'cleaver', 'clothes iron', 'coffee mug', 'computer mouse', 'digital watch', 'doormat', 'dumbbell', 'envelope', 'hair dryer', 'hammer', 'lampshade', 'lemon', 'lipstick', 'match', 'mobile phone', 'necklace', 'padlock', 'paintbrush', 'paper towel', 'park bench', 'pill bottle', 'pillow', 'plastic bag', 'plunger', 'power drill', 'printer', 'racket', 'ruler', 'safety pin', 'salt shaker', 'sandal', 'screw', 'shovel', 'space heater', 'spatula', 'speaker', 'strainer', 'sunglasses', 'teddy bear', 'television', 'umbrella', 'vase', 'wallet', 'waste container', 'water bottle', 'whistle']"
124,ILSVRC2012_val_00049230.JPEG,17,speaker,spatula,5.553,04086f6a55b15b2e,False,"['Band-Aid', 'T-shirt', 'backpack', 'banana', 'cleaver', 'clothes iron', 'coffee mug', 'computer mouse', 'digital watch', 'doormat', 'dumbbell', 'envelope', 'hair dryer', 'hammer', 'lampshade', 'lemon', 'lipstick', 'match', 'mobile phone', 'necklace', 'padlock', 'paintbrush', 'paper towel', 'park bench', 'pill bottle', 'pillow', 'plastic bag', 'plunger', 'power drill', 'printer', 'racket', 'ruler', 'safety pin', 'salt shaker', 'sandal', 'screw', 'shovel', 'space heater', 'spatula', 'speaker', 'strainer', 'sunglasses', 'teddy bear', 'television', 'umbrella', 'vase', 'wallet', 'waste container', 'water bottle', 'whistle']"
125,ILSVRC2012_val_00049230.JPEG,17,speaker,hammer,3.379,80bfa64b36dc2d82,False,"['Band-Aid', 'T-shirt', 'backpack', 'banana', 'cleaver', 'clothes iron', 'coffee mug', 'computer mouse', 'digital watch', 'doormat', 'dumbbell', 'envelope', 'hair dryer', 'hammer', 'lampshade', 'lemon', 'lipstick', 'match', 'mobile phone', 'necklace', 'padlock', 'paintbrush', 'paper towel', 'park bench', 'pill bottle', 'pillow', 'plastic bag', 'plunger', 'power drill', 'printer', 'racket', 'ruler', 'safety pin', 'salt shaker', 'sandal', 'screw', 'shovel', 'space heater', 'spatula', 'speaker', 'strainer', 'sunglasses', 'teddy bear', 'television', 'umbrella', 'vase', 'wallet', 'waste container', 'water bottle', 'whistle']"
126,ILSVRC2012_val_00040191.JPEG,50,umbrella,umbrella,6.645,af2a9dc2ae9d72ef,False,"['Band-Aid', 'T-shirt', 'backpack', 'banana', 'cleaver', 'clothes iron', 'coffee mug', 'computer mouse', 'digital watch', 'doormat', 'dumbbell', 'envelope', 'hair dryer', 'hammer', 'lampshade', 'lemon', 'lipstick', 'match', 'mobile phone', 'necklace', 'padlock', 'paintbrush', 'paper towel', 'park bench', 'pill bottle', 'pillow', 'plastic bag', 'plunger', 'power drill', 'printer', 'racket', 'ruler', 'safety pin', 'salt shaker', 'sandal', 'screw', 'shovel', 'space heater', 'spatula', 'speaker', 'strainer', 'sunglasses', 'teddy bear', 'television', 'umbrella', 'vase', 'wallet', 'waste container', 'water bottle', 'whistle']"
127,e8eb4364b9b34fb.png,150,paper towel,T-shirt,33.646,73107b0d71d7730c,True,"['Band-Aid', 'T-shirt', 'backpack', 'banana', 'cleaver', 'clothes iron', 'coffee mug', 'computer mouse', 'digital watch', 'doormat', 'dumbbell', 'envelope', 'hair dryer', 'hammer', 'lampshade', 'lemon', 'lipstick', 'match', 'mobile phone', 'necklace', 'padlock', 'paintbrush', 'paper towel', 'park bench', 'pill bottle', 'pillow', 'plastic bag', 'plunger', 'power drill', 'printer', 'racket', 'ruler', 'safety pin', 'salt shaker', 'sandal', 'screw', 'shovel', 'space heater', 'spatula', 'speaker', 'strainer', 'sunglasses', 'teddy bear', 'television', 'umbrella', 'vase', 'wallet', 'waste container', 'water bottle', 'whistle']"
128,ILSVRC2012_val_00019781.JPEG,150,whistle,whistle,34.489,65ed70e59c120113,False,"['Band-Aid', 'T-shirt', 'backpack', 'banana', 'cleaver', 'clothes iron', 'coffee mug', 'computer mouse', 'digital watch', 'doormat', 'dumbbell', 'envelope', 'hair dryer', 'hammer', 'lampshade', 'lemon', 'lipstick', 'match', 'mobile phone', 'necklace', 'padlock', 'paintbrush', 'paper towel', 'park bench', 'pill bottle', 'pillow', 'plastic bag', 'plunger', 'power drill', 'printer', 'racket', 'ruler', 'safety pin', 'salt shaker', 'sandal', 'screw', 'shovel', 'space heater', 'spatula', 'speaker', 'strainer', 'sunglasses', 'teddy bear', 'television', 'umbrella', 'vase', 'wallet', 'waste container', 'water bottle', 'whistle']"
129,ILSVRC2012_val_00042343.JPEG,17,lipstick,paintbrush,21.591,d8fd3da000882ea1,False,"['Band-Aid', 'T-shirt', 'backpack', 'banana', 'cleaver', 'clothes iron', 'coffee mug', 'computer mouse', 'digital watch', 'doormat', 'dumbbell', 'envelope', 'hair dryer', 'hammer', 'lampshade', 'lemon', 'lipstick', 'match', 'mobile phone', 'necklace', 'padlock', 'paintbrush', 'paper towel', 'park bench', 'pill bottle', 'pillow', 'plastic bag', 'plunger', 'power drill', 'printer', 'racket', 'ruler', 'safety pin', 'salt shaker', 'sandal', 'screw', 'shovel', 'space heater', 'spatula', 'speaker', 'strainer', 'sunglasses', 'teddy bear', 'television', 'umbrella', 'vase', 'wallet', 'waste container', 'water bottle', 'whistle']"
130,3a9e1c58b73945e.png,50,necklace,necklace,5.006,8cd3ecae9453ed17,True,"['Band-Aid', 'T-shirt', 'backpack', 'banana', 'cleaver', 'clothes iron', 'coffee mug', 'computer mouse', 'digital watch', 'doormat', 'dumbbell', 'envelope', 'hair dryer', 'hammer', 'lampshade', 'lemon', 'lipstick', 'match', 'mobile phone', 'necklace', 'padlock', 'paintbrush', 'paper towel', 'park bench', 'pill bottle', 'pillow', 'plastic bag', 'plunger', 'power drill', 'printer', 'racket', 'ruler', 'safety pin', 'salt shaker', 'sandal', 'screw', 'shovel', 'space heater', 'spatula', 'speaker', 'strainer', 'sunglasses', 'teddy bear', 'television', 'umbrella', 'vase', 'wallet', 'waste container', 'water bottle', 'whistle']"
131,ffd74a8750ee4ca.png,50,padlock,padlock,4.504,d0b32ea003c19885,True,"['Band-Aid', 'T-shirt', 'backpack', 'banana', 'cleaver', 'clothes iron', 'coffee mug', 'computer mouse', 'digital watch', 'doormat', 'dumbbell', 'envelope', 'hair dryer', 'hammer', 'lampshade', 'lemon', 'lipstick', 'match', 'mobile phone', 'necklace', 'padlock', 'paintbrush', 'paper towel', 'park bench', 'pill bottle', 'pillow', 'plastic bag', 'plunger', 'power drill', 'printer', 'racket', 'ruler', 'safety pin', 'salt shaker', 'sandal', 'screw', 'shovel', 'space heater', 'spatula', 'speaker', 'strainer', 'sunglasses', 'teddy bear', 'television', 'umbrella', 'vase', 'wallet', 'waste container', 'water bottle', 'whistle']"
132,c16d55ae046b4c3.png,150,envelope,envelope,11.959,80bfa64b36dc2d82,True,"['Band-Aid', 'T-shirt', 'backpack', 'banana', 'cleaver', 'clothes iron', 'coffee mug', 'computer mouse', 'digital watch', 'doormat', 'dumbbell', 'envelope', 'hair dryer', 'hammer', 'lampshade', 'lemon', 'lipstick', 'match', 'mobile phone', 'necklace', 'padlock', 'paintbrush', 'paper towel', 'park bench', 'pill bottle', 'pillow', 'plastic bag', 'plunger', 'power drill', 'printer', 'racket', 'ruler', 'safety pin', 'salt shaker', 'sandal', 'screw', 'shovel', 'space heater', 'spatula', 'speaker', 'strainer', 'sunglasses', 'teddy bear', 'television', 'umbrella', 'vase', 'wallet', 'waste container', 'water bottle', 'whistle']"
133,2b9a50af45c848f.png,50,doormat,doormat,17.367,74a2bb0e16db5ed0,True,"['Band-Aid', 'T-shirt', 'backpack', 'banana', 'cleaver', 'clothes iron', 'coffee mug', 'computer mouse', 'digital watch', 'doormat', 'dumbbell', 'envelope', 'hair dryer', 'hammer', 'lampshade', 'lemon', 'lipstick', 'match', 'mobile phone', 'necklace', 'padlock', 'paintbrush', 'paper towel', 'park bench', 'pill bottle', 'pillow', 'plastic bag', 'plunger', 'power drill', 'printer', 'racket', 'ruler', 'safety pin', 'salt shaker', 'sandal', 'screw', 'shovel', 'space heater', 'spatula', 'speaker', 'strainer', 'sunglasses', 'teddy bear', 'television', 'umbrella', 'vase', 'wallet', 'waste container', 'water bottle', 'whistle']"
134,1110f8eb95e74e2.png,17,space heater,Band-Aid,2.946,9e186a5e0e9f76a8,True,"['Band-Aid', 'T-shirt', 'backpack', 'banana', 'cleaver', 'clothes iron', 'coffee mug', 'computer mouse', 'digital watch', 'doormat', 'dumbbell', 'envelope', 'hair dryer', 'hammer', 'lampshade', 'lemon', 'lipstick', 'match', 'mobile phone', 'necklace', 'padlock', 'paintbrush', 'paper towel', 'park bench', 'pill bottle', 'pillow', 'plastic bag', 'plunger', 'power drill', 'printer', 'racket', 'ruler', 'safety pin', 'salt shaker', 'sandal', 'screw', 'shovel', 'space heater', 'spatula', 'speaker', 'strainer', 'sunglasses', 'teddy bear', 'television', 'umbrella', 'vase', 'wallet', 'waste container', 'water bottle', 'whistle']"
135,ILSVRC2012_val_00021539.JPEG,10000,sunglasses,sunglasses,2.873,d0b32ea003c19885,False,"['Band-Aid', 'T-shirt', 'backpack', 'banana', 'cleaver', 'clothes iron', 'coffee mug', 'computer mouse', 'digital watch', 'doormat', 'dumbbell', 'envelope', 'hair dryer', 'hammer', 'lampshade', 'lemon', 'lipstick', 'match', 'mobile phone', 'necklace', 'padlock', 'paintbrush', 'paper towel', 'park bench', 'pill bottle', 'pillow', 'plastic bag', 'plunger', 'power drill', 'printer', 'racket', 'ruler', 'safety pin', 'salt shaker', 'sandal', 'screw', 'shovel', 'space heater', 'spatula', 'speaker', 'strainer', 'sunglasses', 'teddy bear', 'television', 'umbrella', 'vase', 'wallet', 'waste container', 'water bottle', 'whistle']"
136,8f8ce24a00b2429.png,50,wallet,paper towel,24.059,c75a9811cd184318,True,"['Band-Aid', 'T-shirt', 'backpack', 'banana', 'cleaver', 'clothes iron', 'coffee mug', 'computer mouse', 'digital watch', 'doormat', 'dumbbell', 'envelope', 'hair dryer', 'hammer', 'lampshade', 'lemon', 'lipstick', 'match', 'mobile phone', 'necklace', 'padlock', 'paintbrush', 'paper towel', 'park bench', 'pill bottle', 'pillow', 'plastic bag', 'plunger', 'power drill', 'printer', 'racket', 'ruler', 'safety pin', 'salt shaker', 'sandal', 'screw', 'shovel', 'space heater', 'spatula', 'speaker', 'strainer', 'sunglasses', 'teddy bear', 'television', 'umbrella', 'vase', 'wallet', 'waste container', 'water bottle', 'whistle']"
137,c16d55ae046b4c3.png,150,envelope,cleaver,21.811,d6dcbcde5b0393a3,True,"['Band-Aid', 'T-shirt', 'backpack', 'banana', 'cleaver', 'clothes iron', 'coffee mug', 'computer mouse', 'digital watch', 'doormat', 'dumbbell', 'envelope', 'hair dryer', 'hammer', 'lampshade', 'lemon', 'lipstick', 'match', 'mobile phone', 'necklace', 'padlock', 'paintbrush', 'paper towel', 'park bench', 'pill bottle', 'pillow', 'plastic bag', 'plunger', 'power drill', 'printer', 'racket', 'ruler', 'safety pin', 'salt shaker', 'sandal', 'screw', 'shovel', 'space heater', 'spatula', 'speaker', 'strainer', 'sunglasses', 'teddy bear', 'television', 'umbrella', 'vase', 'wallet', 'waste container', 'water bottle', 'whistle']"
138,1110f8eb95e74e2.png,17,space heater,wallet,3.307,7721888f2de5aa0b,True,"['Band-Aid', 'T-shirt', 'backpack', 'banana', 'cleaver', 'clothes iron', 'coffee mug', 'computer mouse', 'digital watch', 'doormat', 'dumbbell', 'envelope', 'hair dryer', 'hammer', 'lampshade', 'lemon', 'lipstick', 'match', 'mobile phone', 'necklace', 'padlock', 'paintbrush', 'paper towel', 'park bench', 'pill bottle', 'pillow', 'plastic bag', 'plunger', 'power drill', 'printer', 'racket', 'ruler', 'safety pin', 'salt shaker', 'sandal', 'screw', 'shovel', 'space heater', 'spatula', 'speaker', 'strainer', 'sunglasses', 'teddy bear', 'television', 'umbrella', 'vase', 'wallet', 'waste container', 'water bottle', 'whistle']"
139,833db862135346e.png,50,padlock,salt shaker,2.566,8ebf43a4596c1c37,True,"['Band-Aid', 'T-shirt', 'backpack', 'banana', 'cleaver', 'clothes iron', 'coffee mug', 'computer mouse', 'digital watch', 'doormat', 'dumbbell', 'envelope', 'hair dryer', 'hammer', 'lampshade', 'lemon', 'lipstick', 'match', 'mobile phone', 'necklace', 'padlock', 'paintbrush', 'paper towel', 'park bench', 'pill bottle', 'pillow', 'plastic bag', 'plunger', 'power drill', 'printer', 'racket', 'ruler', 'safety pin', 'salt shaker', 'sandal', 'screw', 'shovel', 'space heater', 'spatula', 'speaker', 'strainer', 'sunglasses', 'teddy bear', 'television', 'umbrella', 'vase', 'wallet', 'waste container', 'water bottle', 'whistle']"
140,ff3eb12aa97547b.png,150,shovel,shovel,172.233,1e2f3d1d7afbeb5d,True,"['Band-Aid', 'T-shirt', 'backpack', 'banana', 'cleaver', 'clothes iron', 'coffee mug', 'computer mouse', 'digital watch', 'doormat', 'dumbbell', 'envelope', 'hair dryer', 'hammer', 'lampshade', 'lemon', 'lipstick', 'match', 'mobile phone', 'necklace', 'padlock', 'paintbrush', 'paper towel', 'park bench', 'pill bottle', 'pillow', 'plastic bag', 'plunger', 'power drill', 'printer', 'racket', 'ruler', 'safety pin', 'salt shaker', 'sandal', 'screw', 'shovel', 'space heater', 'spatula', 'speaker', 'strainer', 'sunglasses', 'teddy bear', 'television', 'umbrella', 'vase', 'wallet', 'waste container', 'water bottle', 'whistle']"
141,8f8ce24a00b2429.png,50,wallet,lampshade,13.713,80fc83b66ee97573,True,"['Band-Aid', 'T-shirt', 'backpack', 'banana', 'cleaver', 'clothes iron', 'coffee mug', 'computer mouse', 'digital watch', 'doormat', 'dumbbell', 'envelope', 'hair dryer', 'hammer', 'lampshade', 'lemon', 'lipstick', 'match', 'mobile phone', 'necklace', 'padlock', 'paintbrush', 'paper towel', 'park bench', 'pill bottle', 'pillow', 'plastic bag', 'plunger', 'power drill', 'printer', 'racket', 'ruler', 'safety pin', 'salt shaker', 'sandal', 'screw', 'shovel', 'space heater', 'spatula', 'speaker', 'strainer', 'sunglasses', 'teddy bear', 'television', 'umbrella', 'vase', 'wallet', 'waste container', 'water bottle', 'whistle']"
142,dec8a2985fcb400.png,10000,backpack,backpack,22.972,a63a7ba8af281359,True,"['Band-Aid', 'T-shirt', 'backpack', 'banana', 'cleaver', 'clothes iron', 'coffee mug', 'computer mouse', 'digital watch', 'doormat', 'dumbbell', 'envelope', 'hair dryer', 'hammer', 'lampshade', 'lemon', 'lipstick', 'match', 'mobile phone', 'necklace', 'padlock', 'paintbrush', 'paper towel', 'park bench', 'pill bottle', 'pillow', 'plastic bag', 'plunger', 'power drill', 'printer', 'racket', 'ruler', 'safety pin', 'salt shaker', 'sandal', 'screw', 'shovel', 'space heater', 'spatula', 'speaker', 'strainer', 'sunglasses', 'teddy bear', 'television', 'umbrella', 'vase', 'wallet', 'waste container', 'water bottle', 'whistle']"
143,50dab0cb19f440b.png,10000,space heater,plunger,22.853,e5a8d85d00537e10,True,"['Band-Aid', 'T-shirt', 'backpack', 'banana', 'cleaver', 'clothes iron', 'coffee mug', 'computer mouse', 'digital watch', 'doormat', 'dumbbell', 'envelope', 'hair dryer', 'hammer', 'lampshade', 'lemon', 'lipstick', 'match', 'mobile phone', 'necklace', 'padlock', 'paintbrush', 'paper towel', 'park bench', 'pill bottle', 'pillow', 'plastic bag', 'plunger', 'power drill', 'printer', 'racket', 'ruler', 'safety pin', 'salt shaker', 'sandal', 'screw', 'shovel', 'space heater', 'spatula', 'speaker', 'strainer', 'sunglasses', 'teddy bear', 'television', 'umbrella', 'vase', 'wallet', 'waste container', 'water bottle', 'whistle']"
144,64ce2c56396a492.png,17,speaker,shovel,2.682,06034f03e9dfcb9c,True,"['Band-Aid', 'T-shirt', 'backpack', 'banana', 'cleaver', 'clothes iron', 'coffee mug', 'computer mouse', 'digital watch', 'doormat', 'dumbbell', 'envelope', 'hair dryer', 'hammer', 'lampshade', 'lemon', 'lipstick', 'match', 'mobile phone', 'necklace', 'padlock', 'paintbrush', 'paper towel', 'park bench', 'pill bottle', 'pillow', 'plastic bag', 'plunger', 'power drill', 'printer', 'racket', 'ruler', 'safety pin', 'salt shaker', 'sandal', 'screw', 'shovel', 'space heater', 'spatula', 'speaker', 'strainer', 'sunglasses', 'teddy bear', 'television', 'umbrella', 'vase', 'wallet', 'waste container', 'water bottle', 'whistle']"
145,a4da6fff0cd045f.png,10000,paintbrush,paintbrush,12.295,182219af5dd4f675,True,"['Band-Aid', 'T-shirt', 'backpack', 'banana', 'cleaver', 'clothes iron', 'coffee mug', 'computer mouse', 'digital watch', 'doormat', 'dumbbell', 'envelope', 'hair dryer', 'hammer', 'lampshade', 'lemon', 'lipstick', 'match', 'mobile phone', 'necklace', 'padlock', 'paintbrush', 'paper towel', 'park bench', 'pill bottle', 'pillow', 'plastic bag', 'plunger', 'power drill', 'printer', 'racket', 'ruler', 'safety pin', 'salt shaker', 'sandal', 'screw', 'shovel', 'space heater', 'spatula', 'speaker', 'strainer', 'sunglasses', 'teddy bear', 'television', 'umbrella', 'vase', 'wallet', 'waste container', 'water bottle', 'whistle']"
146,ILSVRC2012_val_00040437.JPEG,50,salt shaker,banana,5.555,f2e086e0bd902509,False,"['Band-Aid', 'T-shirt', 'backpack', 'banana', 'cleaver', 'clothes iron', 'coffee mug', 'computer mouse', 'digital watch', 'doormat', 'dumbbell', 'envelope', 'hair dryer', 'hammer', 'lampshade', 'lemon', 'lipstick', 'match', 'mobile phone', 'necklace', 'padlock', 'paintbrush', 'paper towel', 'park bench', 'pill bottle', 'pillow', 'plastic bag', 'plunger', 'power drill', 'printer', 'racket', 'ruler', 'safety pin', 'salt shaker', 'sandal', 'screw', 'shovel', 'space heater', 'spatula', 'speaker', 'strainer', 'sunglasses', 'teddy bear', 'television', 'umbrella', 'vase', 'wallet', 'waste container', 'water bottle', 'whistle']"
147,16ecb0d478f246a.png,17,park bench,lampshade,18.437,7e0f3c71be2047ea,True,"['Band-Aid', 'T-shirt', 'backpack', 'banana', 'cleaver', 'clothes iron', 'coffee mug', 'computer mouse', 'digital watch', 'doormat', 'dumbbell', 'envelope', 'hair dryer', 'hammer', 'lampshade', 'lemon', 'lipstick', 'match', 'mobile phone', 'necklace', 'padlock', 'paintbrush', 'paper towel', 'park bench', 'pill bottle', 'pillow', 'plastic bag', 'plunger', 'power drill', 'printer', 'racket', 'ruler', 'safety pin', 'salt shaker', 'sandal', 'screw', 'shovel', 'space heater', 'spatula', 'speaker', 'strainer', 'sunglasses', 'teddy bear', 'television', 'umbrella', 'vase', 'wallet', 'waste container', 'water bottle', 'whistle']"
148,ILSVRC2012_val_00010737.JPEG,10000,mobile phone,mobile phone,14.189,06034f03e9dfcb9c,False,"['Band-Aid', 'T-shirt', 'backpack', 'banana', 'cleaver', 'clothes iron', 'coffee mug', 'computer mouse', 'digital watch', 'doormat', 'dumbbell', 'envelope', 'hair dryer', 'hammer', 'lampshade', 'lemon', 'lipstick', 'match', 'mobile phone', 'necklace', 'padlock', 'paintbrush', 'paper towel', 'park bench', 'pill bottle', 'pillow', 'plastic bag', 'plunger', 'power drill', 'printer', 'racket', 'ruler', 'safety pin', 'salt shaker', 'sandal', 'screw', 'shovel', 'space heater', 'spatula', 'speaker', 'strainer', 'sunglasses', 'teddy bear', 'television', 'umbrella', 'vase', 'wallet', 'waste container', 'water bottle', 'whistle']"
149,833db862135346e.png,50,padlock,shovel,1.348,1e2f3d1d7afbeb5d,True,"['Band-Aid', 'T-shirt', 'backpack', 'banana', 'cleaver', 'clothes iron', 'coffee mug', 'computer mouse', 'digital watch', 'doormat', 'dumbbell', 'envelope', 'hair dryer', 'hammer', 'lampshade', 'lemon', 'lipstick', 'match', 'mobile phone', 'necklace', 'padlock', 'paintbrush', 'paper towel', 'park bench', 'pill bottle', 'pillow', 'plastic bag', 'plunger', 'power drill', 'printer', 'racket', 'ruler', 'safety pin', 'salt shaker', 'sandal', 'screw', 'shovel', 'space heater', 'spatula', 'speaker', 'strainer', 'sunglasses', 'teddy bear', 'television', 'umbrella', 'vase', 'wallet', 'waste container', 'water bottle', 'whistle']"
150,d70e570c3c62470.png,50,waste container,hammer,4.609,4d76c3f0acde2245,True,"['Band-Aid', 'T-shirt', 'backpack', 'banana', 'cleaver', 'clothes iron', 'coffee mug', 'computer mouse', 'digital watch', 'doormat', 'dumbbell', 'envelope', 'hair dryer', 'hammer', 'lampshade', 'lemon', 'lipstick', 'match', 'mobile phone', 'necklace', 'padlock', 'paintbrush', 'paper towel', 'park bench', 'pill bottle', 'pillow', 'plastic bag', 'plunger', 'power drill', 'printer', 'racket', 'ruler', 'safety pin', 'salt shaker', 'sandal', 'screw', 'shovel', 'space heater', 'spatula', 'speaker', 'strainer', 'sunglasses', 'teddy bear', 'television', 'umbrella', 'vase', 'wallet', 'waste container', 'water bottle', 'whistle']"
151,ILSVRC2012_val_00048029.JPEG,10000,cleaver,hammer,28.136,d798801ba53abf12,False,"['Band-Aid', 'T-shirt', 'backpack', 'banana', 'cleaver', 'clothes iron', 'coffee mug', 'computer mouse', 'digital watch', 'doormat', 'dumbbell', 'envelope', 'hair dryer', 'hammer', 'lampshade', 'lemon', 'lipstick', 'match', 'mobile phone', 'necklace', 'padlock', 'paintbrush', 'paper towel', 'park bench', 'pill bottle', 'pillow', 'plastic bag', 'plunger', 'power drill', 'printer', 'racket', 'ruler', 'safety pin', 'salt shaker', 'sandal', 'screw', 'shovel', 'space heater', 'spatula', 'speaker', 'strainer', 'sunglasses', 'teddy bear', 'television', 'umbrella', 'vase', 'wallet', 'waste container', 'water bottle', 'whistle']"
152,465c05621f044b9.png,150,computer mouse,computer mouse,12.296,969ecac11c41347e,True,"['Band-Aid', 'T-shirt', 'backpack', 'banana', 'cleaver', 'clothes iron', 'coffee mug', 'computer mouse', 'digital watch', 'doormat', 'dumbbell', 'envelope', 'hair dryer', 'hammer', 'lampshade', 'lemon', 'lipstick', 'match', 'mobile phone', 'necklace', 'padlock', 'paintbrush', 'paper towel', 'park bench', 'pill bottle', 'pillow', 'plastic bag', 'plunger', 'power drill', 'printer', 'racket', 'ruler', 'safety pin', 'salt shaker', 'sandal', 'screw', 'shovel', 'space heater', 'spatula', 'speaker', 'strainer', 'sunglasses', 'teddy bear', 'television', 'umbrella', 'vase', 'wallet', 'waste container', 'water bottle', 'whistle']"
153,ILSVRC2012_val_00010737.JPEG,10000,mobile phone,mobile phone,50.588,1ec6f6f2c040ff1a,False,"['Band-Aid', 'T-shirt', 'backpack', 'banana', 'cleaver', 'clothes iron', 'coffee mug', 'computer mouse', 'digital watch', 'doormat', 'dumbbell', 'envelope', 'hair dryer', 'hammer', 'lampshade', 'lemon', 'lipstick', 'match', 'mobile phone', 'necklace', 'padlock', 'paintbrush', 'paper towel', 'park bench', 'pill bottle', 'pillow', 'plastic bag', 'plunger', 'power drill', 'printer', 'racket', 'ruler', 'safety pin', 'salt shaker', 'sandal', 'screw', 'shovel', 'space heater', 'spatula', 'speaker', 'strainer', 'sunglasses', 'teddy bear', 'television', 'umbrella', 'vase', 'wallet', 'waste container', 'water bottle', 'whistle']"
154,ILSVRC2012_val_00017168.JPEG,17,ruler,lampshade,1.633,d0b32ea003c19885,False,"['Band-Aid', 'T-shirt', 'backpack', 'banana', 'cleaver', 'clothes iron', 'coffee mug', 'computer mouse', 'digital watch', 'doormat', 'dumbbell', 'envelope', 'hair dryer', 'hammer', 'lampshade', 'lemon', 'lipstick', 'match', 'mobile phone', 'necklace', 'padlock', 'paintbrush', 'paper towel', 'park bench', 'pill bottle', 'pillow', 'plastic bag', 'plunger', 'power drill', 'printer', 'racket', 'ruler', 'safety pin', 'salt shaker', 'sandal', 'screw', 'shovel', 'space heater', 'spatula', 'speaker', 'strainer', 'sunglasses', 'teddy bear', 'television', 'umbrella', 'vase', 'wallet', 'waste container', 'water bottle', 'whistle']"
155,ILSVRC2012_val_00012756.JPEG,50,paintbrush,paintbrush,3.838,d0b32ea003c19885,False,"['Band-Aid', 'T-shirt', 'backpack', 'banana', 'cleaver', 'clothes iron', 'coffee mug', 'computer mouse', 'digital watch', 'doormat', 'dumbbell', 'envelope', 'hair dryer', 'hammer', 'lampshade', 'lemon', 'lipstick', 'match', 'mobile phone', 'necklace', 'padlock', 'paintbrush', 'paper towel', 'park bench', 'pill bottle', 'pillow', 'plastic bag', 'plunger', 'power drill', 'printer', 'racket', 'ruler', 'safety pin', 'salt shaker', 'sandal', 'screw', 'shovel', 'space heater', 'spatula', 'speaker', 'strainer', 'sunglasses', 'teddy bear', 'television', 'umbrella', 'vase', 'wallet', 'waste container', 'water bottle', 'whistle']"
156,6be131552d6f445.png,17,plunger,T-shirt,41.028,f2fc4b9d31a03492,True,"['Band-Aid', 'T-shirt', 'backpack', 'banana', 'cleaver', 'clothes iron', 'coffee mug', 'computer mouse', 'digital watch', 'doormat', 'dumbbell', 'envelope', 'hair dryer', 'hammer', 'lampshade', 'lemon', 'lipstick', 'match', 'mobile phone', 'necklace', 'padlock', 'paintbrush', 'paper towel', 'park bench', 'pill bottle', 'pillow', 'plastic bag', 'plunger', 'power drill', 'printer', 'racket', 'ruler', 'safety pin', 'salt shaker', 'sandal', 'screw', 'shovel', 'space heater', 'spatula', 'speaker', 'strainer', 'sunglasses', 'teddy bear', 'television', 'umbrella', 'vase', 'wallet', 'waste container', 'water bottle', 'whistle']"
157,ff733ce59cc149f.png,150,waste container,waste container,5.156,bc8e84dfec2fe7b9,True,"['Band-Aid', 'T-shirt', 'backpack', 'banana', 'cleaver', 'clothes iron', 'coffee mug', 'computer mouse', 'digital watch', 'doormat', 'dumbbell', 'envelope', 'hair dryer', 'hammer', 'lampshade', 'lemon', 'lipstick', 'match', 'mobile phone', 'necklace', 'padlock', 'paintbrush', 'paper towel', 'park bench', 'pill bottle', 'pillow', 'plastic bag', 'plunger', 'power drill', 'printer', 'racket', 'ruler', 'safety pin', 'salt shaker', 'sandal', 'screw', 'shovel', 'space heater', 'spatula', 'speaker', 'strainer', 'sunglasses', 'teddy bear', 'television', 'umbrella', 'vase', 'wallet', 'waste container', 'water bottle', 'whistle']"
158,ffd74a8750ee4ca.png,50,padlock,padlock,2.611,80bfa64b36dc2d82,True,"['Band-Aid', 'T-shirt', 'backpack', 'banana', 'cleaver', 'clothes iron', 'coffee mug', 'computer mouse', 'digital watch', 'doormat', 'dumbbell', 'envelope', 'hair dryer', 'hammer', 'lampshade', 'lemon', 'lipstick', 'match', 'mobile phone', 'necklace', 'padlock', 'paintbrush', 'paper towel', 'park bench', 'pill bottle', 'pillow', 'plastic bag', 'plunger', 'power drill', 'printer', 'racket', 'ruler', 'safety pin', 'salt shaker', 'sandal', 'screw', 'shovel', 'space heater', 'spatula', 'speaker', 'strainer', 'sunglasses', 'teddy bear', 'television', 'umbrella', 'vase', 'wallet', 'waste container', 'water bottle', 'whistle']"
159,ILSVRC2012_val_00045659.JPEG,150,paintbrush,paintbrush,1.975,78bcdac7e3d3cda6,False,"['Band-Aid', 'T-shirt', 'backpack', 'banana', 'cleaver', 'clothes iron', 'coffee mug', 'computer mouse', 'digital watch', 'doormat', 'dumbbell', 'envelope', 'hair dryer', 'hammer', 'lampshade', 'lemon', 'lipstick', 'match', 'mobile phone', 'necklace', 'padlock', 'paintbrush', 'paper towel', 'park bench', 'pill bottle', 'pillow', 'plastic bag', 'plunger', 'power drill', 'printer', 'racket', 'ruler', 'safety pin', 'salt shaker', 'sandal', 'screw', 'shovel', 'space heater', 'spatula', 'speaker', 'strainer', 'sunglasses', 'teddy bear', 'television', 'umbrella', 'vase', 'wallet', 'waste container', 'water bottle', 'whistle']"
160,8931ce3feb9841f.png,17,teddy bear,paintbrush,66.759,6207bb3e803bedb3,True,"['Band-Aid', 'T-shirt', 'backpack', 'banana', 'cleaver', 'clothes iron', 'coffee mug', 'computer mouse', 'digital watch', 'doormat', 'dumbbell', 'envelope', 'hair dryer', 'hammer', 'lampshade', 'lemon', 'lipstick', 'match', 'mobile phone', 'necklace', 'padlock', 'paintbrush', 'paper towel', 'park bench', 'pill bottle', 'pillow', 'plastic bag', 'plunger', 'power drill', 'printer', 'racket', 'ruler', 'safety pin', 'salt shaker', 'sandal', 'screw', 'shovel', 'space heater', 'spatula', 'speaker', 'strainer', 'sunglasses', 'teddy bear', 'television', 'umbrella', 'vase', 'wallet', 'waste container', 'water bottle', 'whistle']"
161,ILSVRC2012_val_00008733.JPEG,150,park bench,park bench,4.196,614525fda536d7b9,False,"['Band-Aid', 'T-shirt', 'backpack', 'banana', 'cleaver', 'clothes iron', 'coffee mug', 'computer mouse', 'digital watch', 'doormat', 'dumbbell', 'envelope', 'hair dryer', 'hammer', 'lampshade', 'lemon', 'lipstick', 'match', 'mobile phone', 'necklace', 'padlock', 'paintbrush', 'paper towel', 'park bench', 'pill bottle', 'pillow', 'plastic bag', 'plunger', 'power drill', 'printer', 'racket', 'ruler', 'safety pin', 'salt shaker', 'sandal', 'screw', 'shovel', 'space heater', 'spatula', 'speaker', 'strainer', 'sunglasses', 'teddy bear', 'television', 'umbrella', 'vase', 'wallet', 'waste container', 'water bottle', 'whistle']"
162,ILSVRC2012_val_00012501.JPEG,17,pillow,pillow,10.178,c9a2e2dde8f849eb,False,"['Band-Aid', 'T-shirt', 'backpack', 'banana', 'cleaver', 'clothes iron', 'coffee mug', 'computer mouse', 'digital watch', 'doormat', 'dumbbell', 'envelope', 'hair dryer', 'hammer', 'lampshade', 'lemon', 'lipstick', 'match', 'mobile phone', 'necklace', 'padlock', 'paintbrush', 'paper towel', 'park bench', 'pill bottle', 'pillow', 'plastic bag', 'plunger', 'power drill', 'printer', 'racket', 'ruler', 'safety pin', 'salt shaker', 'sandal', 'screw', 'shovel', 'space heater', 'spatula', 'speaker', 'strainer', 'sunglasses', 'teddy bear', 'television', 'umbrella', 'vase', 'wallet', 'waste container', 'water bottle', 'whistle']"
163,33f17fe5a8e3404.png,150,plastic bag,plastic bag,6.043,c9a2e2dde8f849eb,True,"['Band-Aid', 'T-shirt', 'backpack', 'banana', 'cleaver', 'clothes iron', 'coffee mug', 'computer mouse', 'digital watch', 'doormat', 'dumbbell', 'envelope', 'hair dryer', 'hammer', 'lampshade', 'lemon', 'lipstick', 'match', 'mobile phone', 'necklace', 'padlock', 'paintbrush', 'paper towel', 'park bench', 'pill bottle', 'pillow', 'plastic bag', 'plunger', 'power drill', 'printer', 'racket', 'ruler', 'safety pin', 'salt shaker', 'sandal', 'screw', 'shovel', 'space heater', 'spatula', 'speaker', 'strainer', 'sunglasses', 'teddy bear', 'television', 'umbrella', 'vase', 'wallet', 'waste container', 'water bottle', 'whistle']"
164,2c55ea912ca54ca.png,17,television,teddy bear,2.387,04086f6a55b15b2e,True,"['Band-Aid', 'T-shirt', 'backpack', 'banana', 'cleaver', 'clothes iron', 'coffee mug', 'computer mouse', 'digital watch', 'doormat', 'dumbbell', 'envelope', 'hair dryer', 'hammer', 'lampshade', 'lemon', 'lipstick', 'match', 'mobile phone', 'necklace', 'padlock', 'paintbrush', 'paper towel', 'park bench', 'pill bottle', 'pillow', 'plastic bag', 'plunger', 'power drill', 'printer', 'racket', 'ruler', 'safety pin', 'salt shaker', 'sandal', 'screw', 'shovel', 'space heater', 'spatula', 'speaker', 'strainer', 'sunglasses', 'teddy bear', 'television', 'umbrella', 'vase', 'wallet', 'waste container', 'water bottle', 'whistle']"
165,ILSVRC2012_val_00018769.JPEG,150,lemon,lemon,36.303,bb053e3b9f13489b,False,"['Band-Aid', 'T-shirt', 'backpack', 'banana', 'cleaver', 'clothes iron', 'coffee mug', 'computer mouse', 'digital watch', 'doormat', 'dumbbell', 'envelope', 'hair dryer', 'hammer', 'lampshade', 'lemon', 'lipstick', 'match', 'mobile phone', 'necklace', 'padlock', 'paintbrush', 'paper towel', 'park bench', 'pill bottle', 'pillow', 'plastic bag', 'plunger', 'power drill', 'printer', 'racket', 'ruler', 'safety pin', 'salt shaker', 'sandal', 'screw', 'shovel', 'space heater', 'spatula', 'speaker', 'strainer', 'sunglasses', 'teddy bear', 'television', 'umbrella', 'vase', 'wallet', 'waste container', 'water bottle', 'whistle']"
166,8931ce3feb9841f.png,17,teddy bear,vase,4.147,71663addb7370c61,True,"['Band-Aid', 'T-shirt', 'backpack', 'banana', 'cleaver', 'clothes iron', 'coffee mug', 'computer mouse', 'digital watch', 'doormat', 'dumbbell', 'envelope', 'hair dryer', 'hammer', 'lampshade', 'lemon', 'lipstick', 'match', 'mobile phone', 'necklace', 'padlock', 'paintbrush', 'paper towel', 'park bench', 'pill bottle', 'pillow', 'plastic bag', 'plunger', 'power drill', 'printer', 'racket', 'ruler', 'safety pin', 'salt shaker', 'sandal', 'screw', 'shovel', 'space heater', 'spatula', 'speaker', 'strainer', 'sunglasses', 'teddy bear', 'television', 'umbrella', 'vase', 'wallet', 'waste container', 'water bottle', 'whistle']"
167,ILSVRC2012_val_00047567.JPEG,17,lemon,lampshade,228.573,ca5fea51c8af01df,False,"['Band-Aid', 'T-shirt', 'backpack', 'banana', 'cleaver', 'clothes iron', 'coffee mug', 'computer mouse', 'digital watch', 'doormat', 'dumbbell', 'envelope', 'hair dryer', 'hammer', 'lampshade', 'lemon', 'lipstick', 'match', 'mobile phone', 'necklace', 'padlock', 'paintbrush', 'paper towel', 'park bench', 'pill bottle', 'pillow', 'plastic bag', 'plunger', 'power drill', 'printer', 'racket', 'ruler', 'safety pin', 'salt shaker', 'sandal', 'screw', 'shovel', 'space heater', 'spatula', 'speaker', 'strainer', 'sunglasses', 'teddy bear', 'television', 'umbrella', 'vase', 'wallet', 'waste container', 'water bottle', 'whistle']"
168,ecdbd27c050b44b.png,10000,mobile phone,mobile phone,14.326,9d3f0c3df3fbca0a,True,"['Band-Aid', 'T-shirt', 'backpack', 'banana', 'cleaver', 'clothes iron', 'coffee mug', 'computer mouse', 'digital watch', 'doormat', 'dumbbell', 'envelope', 'hair dryer', 'hammer', 'lampshade', 'lemon', 'lipstick', 'match', 'mobile phone', 'necklace', 'padlock', 'paintbrush', 'paper towel', 'park bench', 'pill bottle', 'pillow', 'plastic bag', 'plunger', 'power drill', 'printer', 'racket', 'ruler', 'safety pin', 'salt shaker', 'sandal', 'screw', 'shovel', 'space heater', 'spatula', 'speaker', 'strainer', 'sunglasses', 'teddy bear', 'television', 'umbrella', 'vase', 'wallet', 'waste container', 'water bottle', 'whistle']"
169,ILSVRC2012_val_00023220.JPEG,10000,banana,banana,5.611,28e838c2b539ed64,False,"['Band-Aid', 'T-shirt', 'backpack', 'banana', 'cleaver', 'clothes iron', 'coffee mug', 'computer mouse', 'digital watch', 'doormat', 'dumbbell', 'envelope', 'hair dryer', 'hammer', 'lampshade', 'lemon', 'lipstick', 'match', 'mobile phone', 'necklace', 'padlock', 'paintbrush', 'paper towel', 'park bench', 'pill bottle', 'pillow', 'plastic bag', 'plunger', 'power drill', 'printer', 'racket', 'ruler', 'safety pin', 'salt shaker', 'sandal', 'screw', 'shovel', 'space heater', 'spatula', 'speaker', 'strainer', 'sunglasses', 'teddy bear', 'television', 'umbrella', 'vase', 'wallet', 'waste container', 'water bottle', 'whistle']"
170,ILSVRC2012_val_00016707.JPEG,17,strainer,pill bottle,55.277,21665d1ff14b5e33,False,"['Band-Aid', 'T-shirt', 'backpack', 'banana', 'cleaver', 'clothes iron', 'coffee mug', 'computer mouse', 'digital watch', 'doormat', 'dumbbell', 'envelope', 'hair dryer', 'hammer', 'lampshade', 'lemon', 'lipstick', 'match', 'mobile phone', 'necklace', 'padlock', 'paintbrush', 'paper towel', 'park bench', 'pill bottle', 'pillow', 'plastic bag', 'plunger', 'power drill', 'printer', 'racket', 'ruler', 'safety pin', 'salt shaker', 'sandal', 'screw', 'shovel', 'space heater', 'spatula', 'speaker', 'strainer', 'sunglasses', 'teddy bear', 'television', 'umbrella', 'vase', 'wallet', 'waste container', 'water bottle', 'whistle']"
171,7808439d9733408.png,10000,lipstick,lipstick,20.278,e4e2fbf1fab5ce9d,True,"['Band-Aid', 'T-shirt', 'backpack', 'banana', 'cleaver', 'clothes iron', 'coffee mug', 'computer mouse', 'digital watch', 'doormat', 'dumbbell', 'envelope', 'hair dryer', 'hammer', 'lampshade', 'lemon', 'lipstick', 'match', 'mobile phone', 'necklace', 'padlock', 'paintbrush', 'paper towel', 'park bench', 'pill bottle', 'pillow', 'plastic bag', 'plunger', 'power drill', 'printer', 'racket', 'ruler', 'safety pin', 'salt shaker', 'sandal', 'screw', 'shovel', 'space heater', 'spatula', 'speaker', 'strainer', 'sunglasses', 'teddy bear', 'television', 'umbrella', 'vase', 'wallet', 'waste container', 'water bottle', 'whistle']"
172,ILSVRC2012_val_00013199.JPEG,10000,vase,vase,9.056,c90497759815d4d3,False,"['Band-Aid', 'T-shirt', 'backpack', 'banana', 'cleaver', 'clothes iron', 'coffee mug', 'computer mouse', 'digital watch', 'doormat', 'dumbbell', 'envelope', 'hair dryer', 'hammer', 'lampshade', 'lemon', 'lipstick', 'match', 'mobile phone', 'necklace', 'padlock', 'paintbrush', 'paper towel', 'park bench', 'pill bottle', 'pillow', 'plastic bag', 'plunger', 'power drill', 'printer', 'racket', 'ruler', 'safety pin', 'salt shaker', 'sandal', 'screw', 'shovel', 'space heater', 'spatula', 'speaker', 'strainer', 'sunglasses', 'teddy bear', 'television', 'umbrella', 'vase', 'wallet', 'waste container', 'water bottle', 'whistle']"
173,ILSVRC2012_val_00043436.JPEG,50,clothes iron,vase,51.586,0734a78af697a34c,False,"['Band-Aid', 'T-shirt', 'backpack', 'banana', 'cleaver', 'clothes iron', 'coffee mug', 'computer mouse', 'digital watch', 'doormat', 'dumbbell', 'envelope', 'hair dryer', 'hammer', 'lampshade', 'lemon', 'lipstick', 'match', 'mobile phone', 'necklace', 'padlock', 'paintbrush', 'paper towel', 'park bench', 'pill bottle', 'pillow', 'plastic bag', 'plunger', 'power drill', 'printer', 'racket', 'ruler', 'safety pin', 'salt shaker', 'sandal', 'screw', 'shovel', 'space heater', 'spatula', 'speaker', 'strainer', 'sunglasses', 'teddy bear', 'television', 'umbrella', 'vase', 'wallet', 'waste container', 'water bottle', 'whistle']"
174,ILSVRC2012_val_00036146.JPEG,150,lemon,padlock,1.5,7a189ddf5c9db161,False,"['Band-Aid', 'T-shirt', 'backpack', 'banana', 'cleaver', 'clothes iron', 'coffee mug', 'computer mouse', 'digital watch', 'doormat', 'dumbbell', 'envelope', 'hair dryer', 'hammer', 'lampshade', 'lemon', 'lipstick', 'match', 'mobile phone', 'necklace', 'padlock', 'paintbrush', 'paper towel', 'park bench', 'pill bottle', 'pillow', 'plastic bag', 'plunger', 'power drill', 'printer', 'racket', 'ruler', 'safety pin', 'salt shaker', 'sandal', 'screw', 'shovel', 'space heater', 'spatula', 'speaker', 'strainer', 'sunglasses', 'teddy bear', 'television', 'umbrella', 'vase', 'wallet', 'waste container', 'water bottle', 'whistle']"
175,8bb4ae2919d04e3.png,50,necklace,necklace,4.921,06034f03e9dfcb9c,True,"['Band-Aid', 'T-shirt', 'backpack', 'banana', 'cleaver', 'clothes iron', 'coffee mug', 'computer mouse', 'digital watch', 'doormat', 'dumbbell', 'envelope', 'hair dryer', 'hammer', 'lampshade', 'lemon', 'lipstick', 'match', 'mobile phone', 'necklace', 'padlock', 'paintbrush', 'paper towel', 'park bench', 'pill bottle', 'pillow', 'plastic bag', 'plunger', 'power drill', 'printer', 'racket', 'ruler', 'safety pin', 'salt shaker', 'sandal', 'screw', 'shovel', 'space heater', 'spatula', 'speaker', 'strainer', 'sunglasses', 'teddy bear', 'television', 'umbrella', 'vase', 'wallet', 'waste container', 'water bottle', 'whistle']"
176,68a22b99b8354fe.png,10000,envelope,envelope,3.788,36d28a65b103bd2a,True,"['Band-Aid', 'T-shirt', 'backpack', 'banana', 'cleaver', 'clothes iron', 'coffee mug', 'computer mouse', 'digital watch', 'doormat', 'dumbbell', 'envelope', 'hair dryer', 'hammer', 'lampshade', 'lemon', 'lipstick', 'match', 'mobile phone', 'necklace', 'padlock', 'paintbrush', 'paper towel', 'park bench', 'pill bottle', 'pillow', 'plastic bag', 'plunger', 'power drill', 'printer', 'racket', 'ruler', 'safety pin', 'salt shaker', 'sandal', 'screw', 'shovel', 'space heater', 'spatula', 'speaker', 'strainer', 'sunglasses', 'teddy bear', 'television', 'umbrella', 'vase', 'wallet', 'waste container', 'water bottle', 'whistle']"
177,ILSVRC2012_val_00023847.JPEG,10000,safety pin,safety pin,9.844,e3f4c96149c68571,False,"['Band-Aid', 'T-shirt', 'backpack', 'banana', 'cleaver', 'clothes iron', 'coffee mug', 'computer mouse', 'digital watch', 'doormat', 'dumbbell', 'envelope', 'hair dryer', 'hammer', 'lampshade', 'lemon', 'lipstick', 'match', 'mobile phone', 'necklace', 'padlock', 'paintbrush', 'paper towel', 'park bench', 'pill bottle', 'pillow', 'plastic bag', 'plunger', 'power drill', 'printer', 'racket', 'ruler', 'safety pin', 'salt shaker', 'sandal', 'screw', 'shovel', 'space heater', 'spatula', 'speaker', 'strainer', 'sunglasses', 'teddy bear', 'television', 'umbrella', 'vase', 'wallet', 'waste container', 'water bottle', 'whistle']"
178,33f17fe5a8e3404.png,150,plastic bag,T-shirt,6.491,28d4e5ebb9618b7b,True,"['Band-Aid', 'T-shirt', 'backpack', 'banana', 'cleaver', 'clothes iron', 'coffee mug', 'computer mouse', 'digital watch', 'doormat', 'dumbbell', 'envelope', 'hair dryer', 'hammer', 'lampshade', 'lemon', 'lipstick', 'match', 'mobile phone', 'necklace', 'padlock', 'paintbrush', 'paper towel', 'park bench', 'pill bottle', 'pillow', 'plastic bag', 'plunger', 'power drill', 'printer', 'racket', 'ruler', 'safety pin', 'salt shaker', 'sandal', 'screw', 'shovel', 'space heater', 'spatula', 'speaker', 'strainer', 'sunglasses', 'teddy bear', 'television', 'umbrella', 'vase', 'wallet', 'waste container', 'water bottle', 'whistle']"
179,ILSVRC2012_val_00036205.JPEG,50,television,plastic bag,5.72,76355b918cdf3401,False,"['Band-Aid', 'T-shirt', 'backpack', 'banana', 'cleaver', 'clothes iron', 'coffee mug', 'computer mouse', 'digital watch', 'doormat', 'dumbbell', 'envelope', 'hair dryer', 'hammer', 'lampshade', 'lemon', 'lipstick', 'match', 'mobile phone', 'necklace', 'padlock', 'paintbrush', 'paper towel', 'park bench', 'pill bottle', 'pillow', 'plastic bag', 'plunger', 'power drill', 'printer', 'racket', 'ruler', 'safety pin', 'salt shaker', 'sandal', 'screw', 'shovel', 'space heater', 'spatula', 'speaker', 'strainer', 'sunglasses', 'teddy bear', 'television', 'umbrella', 'vase', 'wallet', 'waste container', 'water bottle', 'whistle']"
180,8bb4ae2919d04e3.png,50,necklace,necklace,12.584,06e928bf8bb6d03c,True,"['Band-Aid', 'T-shirt', 'backpack', 'banana', 'cleaver', 'clothes iron', 'coffee mug', 'computer mouse', 'digital watch', 'doormat', 'dumbbell', 'envelope', 'hair dryer', 'hammer', 'lampshade', 'lemon', 'lipstick', 'match', 'mobile phone', 'necklace', 'padlock', 'paintbrush', 'paper towel', 'park bench', 'pill bottle', 'pillow', 'plastic bag', 'plunger', 'power drill', 'printer', 'racket', 'ruler', 'safety pin', 'salt shaker', 'sandal', 'screw', 'shovel', 'space heater', 'spatula', 'speaker', 'strainer', 'sunglasses', 'teddy bear', 'television', 'umbrella', 'vase', 'wallet', 'waste container', 'water bottle', 'whistle']"
181,ILSVRC2012_val_00020825.JPEG,17,Band-Aid,paper towel,101.306,5e42365a607492b9,False,"['Band-Aid', 'T-shirt', 'backpack', 'banana', 'cleaver', 'clothes iron', 'coffee mug', 'computer mouse', 'digital watch', 'doormat', 'dumbbell', 'envelope', 'hair dryer', 'hammer', 'lampshade', 'lemon', 'lipstick', 'match', 'mobile phone', 'necklace', 'padlock', 'paintbrush', 'paper towel', 'park bench', 'pill bottle', 'pillow', 'plastic bag', 'plunger', 'power drill', 'printer', 'racket', 'ruler', 'safety pin', 'salt shaker', 'sandal', 'screw', 'shovel', 'space heater', 'spatula', 'speaker', 'strainer', 'sunglasses', 'teddy bear', 'television', 'umbrella', 'vase', 'wallet', 'waste container', 'water bottle', 'whistle']"
182,ILSVRC2012_val_00013199.JPEG,10000,vase,pill bottle,48.672,ddbe3468c56d7cd1,False,"['Band-Aid', 'T-shirt', 'backpack', 'banana', 'cleaver', 'clothes iron', 'coffee mug', 'computer mouse', 'digital watch', 'doormat', 'dumbbell', 'envelope', 'hair dryer', 'hammer', 'lampshade', 'lemon', 'lipstick', 'match', 'mobile phone', 'necklace', 'padlock', 'paintbrush', 'paper towel', 'park bench', 'pill bottle', 'pillow', 'plastic bag', 'plunger', 'power drill', 'printer', 'racket', 'ruler', 'safety pin', 'salt shaker', 'sandal', 'screw', 'shovel', 'space heater', 'spatula', 'speaker', 'strainer', 'sunglasses', 'teddy bear', 'television', 'umbrella', 'vase', 'wallet', 'waste container', 'water bottle', 'whistle']"
183,37bbdd312f86481.png,150,salt shaker,waste container,44.992,c5358d1871f37bab,True,"['Band-Aid', 'T-shirt', 'backpack', 'banana', 'cleaver', 'clothes iron', 'coffee mug', 'computer mouse', 'digital watch', 'doormat', 'dumbbell', 'envelope', 'hair dryer', 'hammer', 'lampshade', 'lemon', 'lipstick', 'match', 'mobile phone', 'necklace', 'padlock', 'paintbrush', 'paper towel', 'park bench', 'pill bottle', 'pillow', 'plastic bag', 'plunger', 'power drill', 'printer', 'racket', 'ruler', 'safety pin', 'salt shaker', 'sandal', 'screw', 'shovel', 'space heater', 'spatula', 'speaker', 'strainer', 'sunglasses', 'teddy bear', 'television', 'umbrella', 'vase', 'wallet', 'waste container', 'water bottle', 'whistle']"
184,2c55ea912ca54ca.png,17,television,T-shirt,31.217,8bc51defa906ab60,True,"['Band-Aid', 'T-shirt', 'backpack', 'banana', 'cleaver', 'clothes iron', 'coffee mug', 'computer mouse', 'digital watch', 'doormat', 'dumbbell', 'envelope', 'hair dryer', 'hammer', 'lampshade', 'lemon', 'lipstick', 'match', 'mobile phone', 'necklace', 'padlock', 'paintbrush', 'paper towel', 'park bench', 'pill bottle', 'pillow', 'plastic bag', 'plunger', 'power drill', 'printer', 'racket', 'ruler', 'safety pin', 'salt shaker', 'sandal', 'screw', 'shovel', 'space heater', 'spatula', 'speaker', 'strainer', 'sunglasses', 'teddy bear', 'television', 'umbrella', 'vase', 'wallet', 'waste container', 'water bottle', 'whistle']"
185,2c55ea912ca54ca.png,17,television,television,9.783,559d944f8ef4fce3,True,"['Band-Aid', 'T-shirt', 'backpack', 'banana', 'cleaver', 'clothes iron', 'coffee mug', 'computer mouse', 'digital watch', 'doormat', 'dumbbell', 'envelope', 'hair dryer', 'hammer', 'lampshade', 'lemon', 'lipstick', 'match', 'mobile phone', 'necklace', 'padlock', 'paintbrush', 'paper towel', 'park bench', 'pill bottle', 'pillow', 'plastic bag', 'plunger', 'power drill', 'printer', 'racket', 'ruler', 'safety pin', 'salt shaker', 'sandal', 'screw', 'shovel', 'space heater', 'spatula', 'speaker', 'strainer', 'sunglasses', 'teddy bear', 'television', 'umbrella', 'vase', 'wallet', 'waste container', 'water bottle', 'whistle']"
186,33f17fe5a8e3404.png,150,plastic bag,plastic bag,8.399,cb3b9f371e84f359,True,"['Band-Aid', 'T-shirt', 'backpack', 'banana', 'cleaver', 'clothes iron', 'coffee mug', 'computer mouse', 'digital watch', 'doormat', 'dumbbell', 'envelope', 'hair dryer', 'hammer', 'lampshade', 'lemon', 'lipstick', 'match', 'mobile phone', 'necklace', 'padlock', 'paintbrush', 'paper towel', 'park bench', 'pill bottle', 'pillow', 'plastic bag', 'plunger', 'power drill', 'printer', 'racket', 'ruler', 'safety pin', 'salt shaker', 'sandal', 'screw', 'shovel', 'space heater', 'spatula', 'speaker', 'strainer', 'sunglasses', 'teddy bear', 'television', 'umbrella', 'vase', 'wallet', 'waste container', 'water bottle', 'whistle']"
187,ILSVRC2012_val_00034276.JPEG,10000,safety pin,safety pin,22.926,eceb3f52757bd51d,False,"['Band-Aid', 'T-shirt', 'backpack', 'banana', 'cleaver', 'clothes iron', 'coffee mug', 'computer mouse', 'digital watch', 'doormat', 'dumbbell', 'envelope', 'hair dryer', 'hammer', 'lampshade', 'lemon', 'lipstick', 'match', 'mobile phone', 'necklace', 'padlock', 'paintbrush', 'paper towel', 'park bench', 'pill bottle', 'pillow', 'plastic bag', 'plunger', 'power drill', 'printer', 'racket', 'ruler', 'safety pin', 'salt shaker', 'sandal', 'screw', 'shovel', 'space heater', 'spatula', 'speaker', 'strainer', 'sunglasses', 'teddy bear', 'television', 'umbrella', 'vase', 'wallet', 'waste container', 'water bottle', 'whistle']"
188,ILSVRC2012_val_00031746.JPEG,50,coffee mug,coffee mug,29.279,4be475268d96928a,False,"['Band-Aid', 'T-shirt', 'backpack', 'banana', 'cleaver', 'clothes iron', 'coffee mug', 'computer mouse', 'digital watch', 'doormat', 'dumbbell', 'envelope', 'hair dryer', 'hammer', 'lampshade', 'lemon', 'lipstick', 'match', 'mobile phone', 'necklace', 'padlock', 'paintbrush', 'paper towel', 'park bench', 'pill bottle', 'pillow', 'plastic bag', 'plunger', 'power drill', 'printer', 'racket', 'ruler', 'safety pin', 'salt shaker', 'sandal', 'screw', 'shovel', 'space heater', 'spatula', 'speaker', 'strainer', 'sunglasses', 'teddy bear', 'television', 'umbrella', 'vase', 'wallet', 'waste container', 'water bottle', 'whistle']"
189,e7e827092ba7437.png,17,ruler,ruler,9.358,18fb3f5b0010d601,True,"['Band-Aid', 'T-shirt', 'backpack', 'banana', 'cleaver', 'clothes iron', 'coffee mug', 'computer mouse', 'digital watch', 'doormat', 'dumbbell', 'envelope', 'hair dryer', 'hammer', 'lampshade', 'lemon', 'lipstick', 'match', 'mobile phone', 'necklace', 'padlock', 'paintbrush', 'paper towel', 'park bench', 'pill bottle', 'pillow', 'plastic bag', 'plunger', 'power drill', 'printer', 'racket', 'ruler', 'safety pin', 'salt shaker', 'sandal', 'screw', 'shovel', 'space heater', 'spatula', 'speaker', 'strainer', 'sunglasses', 'teddy bear', 'television', 'umbrella', 'vase', 'wallet', 'waste container', 'water bottle', 'whistle']"
190,43d91b8006c0432.png,150,wallet,wallet,4.164,c4bb4292e4173957,True,"['Band-Aid', 'T-shirt', 'backpack', 'banana', 'cleaver', 'clothes iron', 'coffee mug', 'computer mouse', 'digital watch', 'doormat', 'dumbbell', 'envelope', 'hair dryer', 'hammer', 'lampshade', 'lemon', 'lipstick', 'match', 'mobile phone', 'necklace', 'padlock', 'paintbrush', 'paper towel', 'park bench', 'pill bottle', 'pillow', 'plastic bag', 'plunger', 'power drill', 'printer', 'racket', 'ruler', 'safety pin', 'salt shaker', 'sandal', 'screw', 'shovel', 'space heater', 'spatula', 'speaker', 'strainer', 'sunglasses', 'teddy bear', 'television', 'umbrella', 'vase', 'wallet', 'waste container', 'water bottle', 'whistle']"
191,18b5d2873ebd4e6.png,150,umbrella,vase,22.832,15347abb682d05c9,True,"['Band-Aid', 'T-shirt', 'backpack', 'banana', 'cleaver', 'clothes iron', 'coffee mug', 'computer mouse', 'digital watch', 'doormat', 'dumbbell', 'envelope', 'hair dryer', 'hammer', 'lampshade', 'lemon', 'lipstick', 'match', 'mobile phone', 'necklace', 'padlock', 'paintbrush', 'paper towel', 'park bench', 'pill bottle', 'pillow', 'plastic bag', 'plunger', 'power drill', 'printer', 'racket', 'ruler', 'safety pin', 'salt shaker', 'sandal', 'screw', 'shovel', 'space heater', 'spatula', 'speaker', 'strainer', 'sunglasses', 'teddy bear', 'television', 'umbrella', 'vase', 'wallet', 'waste container', 'water bottle', 'whistle']"
192,9dc07cae0beb43d.png,50,doormat,mobile phone,41.838,d0b32ea003c19885,True,"['Band-Aid', 'T-shirt', 'backpack', 'banana', 'cleaver', 'clothes iron', 'coffee mug', 'computer mouse', 'digital watch', 'doormat', 'dumbbell', 'envelope', 'hair dryer', 'hammer', 'lampshade', 'lemon', 'lipstick', 'match', 'mobile phone', 'necklace', 'padlock', 'paintbrush', 'paper towel', 'park bench', 'pill bottle', 'pillow', 'plastic bag', 'plunger', 'power drill', 'printer', 'racket', 'ruler', 'safety pin', 'salt shaker', 'sandal', 'screw', 'shovel', 'space heater', 'spatula', 'speaker', 'strainer', 'sunglasses', 'teddy bear', 'television', 'umbrella', 'vase', 'wallet', 'waste container', 'water bottle', 'whistle']"
193,ILSVRC2012_val_00006771.JPEG,10000,paper towel,paper towel,5.149,7a189ddf5c9db161,False,"['Band-Aid', 'T-shirt', 'backpack', 'banana', 'cleaver', 'clothes iron', 'coffee mug', 'computer mouse', 'digital watch', 'doormat', 'dumbbell', 'envelope', 'hair dryer', 'hammer', 'lampshade', 'lemon', 'lipstick', 'match', 'mobile phone', 'necklace', 'padlock', 'paintbrush', 'paper towel', 'park bench', 'pill bottle', 'pillow', 'plastic bag', 'plunger', 'power drill', 'printer', 'racket', 'ruler', 'safety pin', 'salt shaker', 'sandal', 'screw', 'shovel', 'space heater', 'spatula', 'speaker', 'strainer', 'sunglasses', 'teddy bear', 'television', 'umbrella', 'vase', 'wallet', 'waste container', 'water bottle', 'whistle']"
194,ILSVRC2012_val_00017168.JPEG,17,ruler,space heater,5.822,04086f6a55b15b2e,False,"['Band-Aid', 'T-shirt', 'backpack', 'banana', 'cleaver', 'clothes iron', 'coffee mug', 'computer mouse', 'digital watch', 'doormat', 'dumbbell', 'envelope', 'hair dryer', 'hammer', 'lampshade', 'lemon', 'lipstick', 'match', 'mobile phone', 'necklace', 'padlock', 'paintbrush', 'paper towel', 'park bench', 'pill bottle', 'pillow', 'plastic bag', 'plunger', 'power drill', 'printer', 'racket', 'ruler', 'safety pin', 'salt shaker', 'sandal', 'screw', 'shovel', 'space heater', 'spatula', 'speaker', 'strainer', 'sunglasses', 'teddy bear', 'television', 'umbrella', 'vase', 'wallet', 'waste container', 'water bottle', 'whistle']"
195,da5417ca724f459.png,17,space heater,dumbbell,19.438,62ae58c321fd3df5,True,"['Band-Aid', 'T-shirt', 'backpack', 'banana', 'cleaver', 'clothes iron', 'coffee mug', 'computer mouse', 'digital watch', 'doormat', 'dumbbell', 'envelope', 'hair dryer', 'hammer', 'lampshade', 'lemon', 'lipstick', 'match', 'mobile phone', 'necklace', 'padlock', 'paintbrush', 'paper towel', 'park bench', 'pill bottle', 'pillow', 'plastic bag', 'plunger', 'power drill', 'printer', 'racket', 'ruler', 'safety pin', 'salt shaker', 'sandal', 'screw', 'shovel', 'space heater', 'spatula', 'speaker', 'strainer', 'sunglasses', 'teddy bear', 'television', 'umbrella', 'vase', 'wallet', 'waste container', 'water bottle', 'whistle']"
196,4fe57983488f47f.png,50,padlock,padlock,2.999,5a1e812569787741,True,"['Band-Aid', 'T-shirt', 'backpack', 'banana', 'cleaver', 'clothes iron', 'coffee mug', 'computer mouse', 'digital watch', 'doormat', 'dumbbell', 'envelope', 'hair dryer', 'hammer', 'lampshade', 'lemon', 'lipstick', 'match', 'mobile phone', 'necklace', 'padlock', 'paintbrush', 'paper towel', 'park bench', 'pill bottle', 'pillow', 'plastic bag', 'plunger', 'power drill', 'printer', 'racket', 'ruler', 'safety pin', 'salt shaker', 'sandal', 'screw', 'shovel', 'space heater', 'spatula', 'speaker', 'strainer', 'sunglasses', 'teddy bear', 'television', 'umbrella', 'vase', 'wallet', 'waste container', 'water bottle', 'whistle']"
197,ILSVRC2012_val_00049230.JPEG,17,speaker,Band-Aid,27.006,142037fd7afe5d6f,False,"['Band-Aid', 'T-shirt', 'backpack', 'banana', 'cleaver', 'clothes iron', 'coffee mug', 'computer mouse', 'digital watch', 'doormat', 'dumbbell', 'envelope', 'hair dryer', 'hammer', 'lampshade', 'lemon', 'lipstick', 'match', 'mobile phone', 'necklace', 'padlock', 'paintbrush', 'paper towel', 'park bench', 'pill bottle', 'pillow', 'plastic bag', 'plunger', 'power drill', 'printer', 'racket', 'ruler', 'safety pin', 'salt shaker', 'sandal', 'screw', 'shovel', 'space heater', 'spatula', 'speaker', 'strainer', 'sunglasses', 'teddy bear', 'television', 'umbrella', 'vase', 'wallet', 'waste container', 'water bottle', 'whistle']"
198,ILSVRC2012_val_00021539.JPEG,10000,sunglasses,sunglasses,4.129,80bfa64b36dc2d82,False,"['Band-Aid', 'T-shirt', 'backpack', 'banana', 'cleaver', 'clothes iron', 'coffee mug', 'computer mouse', 'digital watch', 'doormat', 'dumbbell', 'envelope', 'hair dryer', 'hammer', 'lampshade', 'lemon', 'lipstick', 'match', 'mobile phone', 'necklace', 'padlock', 'paintbrush', 'paper towel', 'park bench', 'pill bottle', 'pillow', 'plastic bag', 'plunger', 'power drill', 'printer', 'racket', 'ruler', 'safety pin', 'salt shaker', 'sandal', 'screw', 'shovel', 'space heater', 'spatula', 'speaker', 'strainer', 'sunglasses', 'teddy bear', 'television', 'umbrella', 'vase', 'wallet', 'waste container', 'water bottle', 'whistle']"
199,18aeed399c73431.png,10000,dumbbell,dumbbell,19.911,b09120dcf2f59123,True,"['Band-Aid', 'T-shirt', 'backpack', 'banana', 'cleaver', 'clothes iron', 'coffee mug', 'computer mouse', 'digital watch', 'doormat', 'dumbbell', 'envelope', 'hair dryer', 'hammer', 'lampshade', 'lemon', 'lipstick', 'match', 'mobile phone', 'necklace', 'padlock', 'paintbrush', 'paper towel', 'park bench', 'pill bottle', 'pillow', 'plastic bag', 'plunger', 'power drill', 'printer', 'racket', 'ruler', 'safety pin', 'salt shaker', 'sandal', 'screw', 'shovel', 'space heater', 'spatula', 'speaker', 'strainer', 'sunglasses', 'teddy bear', 'television', 'umbrella', 'vase', 'wallet', 'waste container', 'water bottle', 'whistle']"